Ki tervezte a következö épületet Magyar Nemzeti Múzeum?;Steinell Imre;Schulek Frigyes;Ybl Miklós;Pollack Mihály;4
Ki tervezte a következö épületet Várkertbazár?;Ybl Miklós;Steinell Imre;Stróbl Alajos;Pollack Mihály;1
Mikor született Kisfaludy Sándor?;1877;1759;1817;1772;4
Hol halt meg Berzsenyi Dániel?;Budapest;Sümeg;Fogaras;Nikla;4
Hol halt meg Kisfaludy Sándor?;Széphalom;Fogaras;Budapest;Sümeg;4
Hol halt meg Kaffka Margit?;Nikla;Sümeg;Budapest;Fogaras;3
Hol született Kazinczi Ferenc?;Komárom;Szekszárd;Érsemlyén;Bonyha;3
Hol született Arva Bethlen Kata?;Nyíregyháza;Érsemlyén;Bonyha;Nagyszabuta;3
Mikor halt meg Babits Mihály ?;ükörke;1941;márki;üröm;2
Melyik Király uralkodásának kezdete 1000 ?;I. István;III. István;II. Mátyás;II. László ellenkirály;1
Melyik Király uralkodásának kezdete 1074 ?;I. József;I. Géza;III. Károly;IV. Béla;2
Melyik Király uralkodásának kezdete 1116 ?;II. István;Szapolyai János;Könyves Kálmán;II. Géza;1
Melyik Király uralkodásának kezdete 1172 ?;II. József;IV. László;III. Béla;III. András;3
Melyik Király uralkodásának kezdete 1290 ?;Mária;Péter;III. András;Aba Sámuel;3
Melyik Király uralkodásának kezdete 1385 ?;II. Béla;II. Károly;Szapolyai János;I. Ferdinánd;2
Melyik Király uralkodásának kezdete 1438 ?;V. László;Salamon;I. András;Albert;4
Melyik Király uralkodásának kezdete 1608 ?;II. Mátyás;I. Béla;I. Ulászló;Péter;1
Melyik Király uralkodásának kezdete 1619 ?;I. Lajos;II. Ferdinánd;II. Károly;Aba Sámuel;2
Melyik Király uralkodásának kezdete 1790 ?;I. András;I. Béla;II. Lipót;I. Ulászló;3
Melyik Király uralkodásának kezdete 1848 ?;II. József;III. András;Mária Terézia;I. Ferenc József;4
Melyik uralkodóház tagja volt I. Géza ?;Arpád;Habsburg;Jagelló;Szaplyai;1
Melyik uralkodóház tagja volt I. László ?;Luxemburgi;Habsburg;Hunyadi;Arpád;4
Melyik uralkodóház tagja volt III. Béla ?;Arpád;Habsburg;Bajor;Cseh;1
Melyik uralkodóház tagja volt IV. Béla ?;Arpád;Cseh;Szaplyai;Habsburg;1
Melyik uralkodóház tagja volt Mária ?;Cseh;Habsburg;Arpád;Anjou;4
Melyik uralkodóház tagja volt II. Károly ?;Arpád;Habsburg;Szaplyai;Durazzói;4
Melyik uralkodóház tagja volt Szapolyai János ?;Habsburg;Bajor;Cseh;Szaplyai;4
Melyik uralkodóház tagja volt II. Mátyás ?;Habsburg;Arpád;Anjou;Bajor;1
Melyik uralkodóház tagja volt IV. Ferdinánd ?;Luxemburgi;Habsburg;Arpád;Durazzói;2
Melyik uralkodóház tagja volt I. Lipót ?;Cseh;Habsburg;Arpád;Anjou;2
Melyik uralkodóház tagja volt V. ferdinánd ?;Arpád;Anjou;Bajor;Habsburg;4
Melyik uralkodóház tagja volt I. Ferenc József ?;Szaplyai;Habsburg;Cseh;Arpád;2
Mettöl uralkodott Péter?;1062;1088;1038;1063;3
Mettöl uralkodott I. László?;1088;1077;1090;1113;2
Mettöl uralkodott II. István?;1148;1125;1116;1123;3
Mettöl uralkodott II. Béla?;1136;1137;1162;1131;4
Mettöl uralkodott IV. Béla?;1248;1235;1274;1273;2
Mettöl uralkodott V. István?;1305;1282;1270;1307;3
Mettöl uralkodott Vencel?;1331;1301;1333;1306;2
Mettöl uralkodott Ottó?;1308;1331;1304;1333;3
Mettöl uralkodott II. Károly?;1385;1406;1431;1405;1
Mettöl uralkodott II. Ulászló?;1525;1498;1499;1490;4
Mettöl uralkodott Szapolyai János?;1526;1557;1530;1532;1
Mettöl uralkodott I. Rudolf?;1577;1600;1625;1576;4
Mettöl uralkodott IV. Ferdinánd?;1688;1690;1663;1647;4
Mettöl uralkodott I. József?;1717;1744;1743;1705;4
Mettöl uralkodott I. Ferenc József?;1873;1898;1871;1848;4
Melyik filmet rendezte Georges Méliés?;Nikita;A Dreyfus-ügy;A legyek ura;Az asszony illata;2
Melyik filmet rendezte Georges Méliés?;Tozsdecápák;Jóságos szívek és diadémok;Utazás a Holdba;Dolgozó lány;3
Melyik filmet rendezte André Calmette?;Guise herceg meggyilkolása;Az év asszonya;Dühöngo bika;Atlagember;1
Melyik filmet rendezte Mack Sennett?;Idobanditák;Carmen;Kohn, a bevándorló;A gyanú árnyékában;3
Melyik filmet rendezte Albert Capellani?;Nosferatu, az éjszaka vámpírja;A Kína-szindróma;Nyomorultak;Hófehérke és a hét törpe;3
Melyik filmet rendezte Robert Wiene?;Szállnak a darvak;Oriás;Farkasokkal táncoló;Dr. Caligari;4
Melyik filmet rendezte Svend Gade?;Szent Johanna;Hamlet;A postás mindig kétszer csenget;Szörnyecskék;2
Melyik filmet rendezte Allan Dwan?;Forró éjszakában;Robin Hood;Madame Dubarry;Funny Girl;2
Melyik filmet rendezte Raoul Walsh?;A bagdadi tolvaj;Egy nap New Yorkban;Tozsdecápák;Metró;1
Melyik filmet rendezte Szergej Eizenstein?;Dr. Caligari;Jelenetek egy házasságból;Halál Velencében;Patyomkin páncélos;4
Melyik filmet rendezte Charles Chaplin?;Aranyláz;A kém, aki a hidegbol jött;Szigorúan ellenorzött vonatok;A züllés útján;1
Melyik filmet rendezte Luis Bunuel?;A Kína-szindróma;A szarvasvadász;Azandalúziai kutya;A berlini olimpia;3
Melyik filmet rendezte Carl Theodor Dreyer?;A kék angyal;A nagy balhé;Jeanne d' Arc;Gyalog-galopp;3
Melyik filmet rendezte James Whale?;Frankeistein;A légy;Stromboli;Indiana Jones és a végzet temploma;1
Melyik filmet rendezte George Fitzmaurice?;Hair;Mata Hari;39 lépcsofok;Szombat esti láz;2
Melyik filmet rendezte Merian C. Cooper?;King Kong;A kéz, amely a bölcsot ringatja;A hét mesterlövész;Psycho;1
Melyik filmet rendezte Korda Sándor?;VIII. Henrik magánélete;A Jedi visszatér;Monsieur Verdoux;Sierra Madre kincse;1
Melyik filmet rendezte Frank Lloyd?;Vadászat a Vörör Októberre;A Bounty lázadói;A rettegés foka;Tavaly Marlenbadban;2
Melyik filmet rendezte John Ford?;A soha vissza nem térés folyója;Ikrek;A besúgó;Leningrad Cowboys menni Amerika;3
Melyik filmet rendezte Szergej Eizenstein?;Csupasz pisztoly 33 1/3-Az utolsó merény;A jégmezok lovagja;Egy nemzet születése;Furcsa pár;2
Melyik filmet rendezte Victor Fleming?;A magam útját járom;Elfújta a szél;E. T.;Rambo;2
Melyik filmet rendezte Charles Chaplin?;Papírhold;Madame Dubarry;A lovakat lelövik, ugye?;A diktátor;4
Melyik filmet rendezte Walt Disney?;A rakparton;Tozsdecápák;Délido;Pinocchio;4
Melyik filmet rendezte John Huston?;Monsieur Verdoux;Szellemirtók;Biciklitolvajok;A máltai sólyom;4
Melyik filmet rendezte Veit Harlan?;Rocco és fivérei;A nagy király;Lánglovagok;Az édes élet;2
Melyik filmet rendezte Sam Wood?;Végtelen történet;A gyilkosok;Akiért a harang szól;A szép és a szörnyeteg;3
Melyik filmet rendezte Howard Hawks?;Martinique;Összeomlás;Isten nem ver Bobbal;A legyek ura;1
Melyik filmet rendezte Marcel Carné?;Stromboli;Kémek, mint mi;Szerelmek városa;A légy;3
Melyik filmet rendezte Howart Hawks?;Mata Hari;Metropolis;A nagy álom;Az elnök emberei;3
Melyik filmet rendezte Tay Garnett?;Broncho Billy és a bébi;A postás mindig kétszer csenget;A Pelikán-ügyirat;Egy férfi és egy no;2
Melyik filmet rendezte David Zucker?;Híd a Kwai folyón;Csupasz pisztoly;Vörös zsaru;A soha vissza nem térés folyója;2
Melyik filmet rendezte Luc Besson?;A nagy kékség;Az elveszett frigyláda fosztogatói;A jégmezok lovagja;Philadelphiai történet;1
Melyik filmet rendezte Joe Johnson?;Az urak a szokéket szeretik;Vádlottak;Esoember;Drágám, a kölykök összementek;4
Melyik filmet rendezte Amy Heckerling?;Szörnyecskék;Nicsak, ki beszél?;Távol Afrikától;Szent Johanna;2
Melyik filmet rendezte Garry Marshall?;Micsoda no!;A Pelikán-ügyirat;Zorba, a görög;Nem félünk a farkastól;1
Melyik filmet rendezte Jonathan Demme?;A bárányok hallgatnak;Quo vadis?;Jó reggelt, Vietnam!;Egy nap New Yorkban;1
Melyik filmet rendezte Paul Verhoeven?;Jelenetek egy házasságból;Zorro jele;Az emlékmás;Nju;3
Melyik filmet rendezte Jean-Paul Rappeneau?;Cyrano de Bergerac;Z., avagy egy politikai gyilkosság anató;Napok romjai;Angyalka;1
Melyik filmet rendezte Martin Scorsese?;A Kína-szindróma;A rettegés foka;Jezabel;A szarvasvadász;2
Melyik filmet rendezte Ron Howard?;Lánglovagok;Száll a kakukk fészkére;A nagy balhé;A kis cézár;1
Melyik filmet rendezte Paul Verhoeven?;Elemi ösztön;Indiana Jones és a végzet temploma;Kereszttuz;Stromboli;1
Melyik filmet rendezte Harold Ramis?;Felhokarcoló szerelem;Pokoli torony;Metropolis;Idétlen idokig;4
Melyik filmet rendezte Adrian Lyne?;Arábiai Lawrence;Tisztességtelen ajánlat;Sok huhó semmiért;Egy nehéz nap éjszakája;2
Melyik filmet rendezte Steven Spielberg?;Aranytó;Flashdance;Róma nyílt város;Schindler listája;4
Melyik filmet rendezte Alan J. Pakula?;A Pelikán-ügyirat;Robin Hood, a tolvajok fejedelme;Híd a Kwai folyón;Az utolsó híd;1
Melyik filmet rendezte Mel Gibson?;Az arc nélküli ember;Ének az esoben;Esoember;A menyasszony apja;1
Melyik filmet rendezte Andrew Fleming?;Kleopátra;Édeshármas;Harmadik típusú találkozások;Taxisofor;2
Az alábbiak közül ki szerepelt a következo amerikai filmben?;Aldo Fabrizi;George Barnes;Richard Bohringer;Robert De Niro;2
Az alábbiak közül ki szerepelt a következo amerikai filmben?;Guy Decomble;Mori Maszajuki;Mary Pickford;Tadeusz Gwiezdowski;3
Az alábbiak közül ki szerepelt a következo amerikai filmben?;Alekszandr Csisztyakov;Leonyid Kmit;Lilian Gish;I. Visnyak;3
Az alábbiak közül ki szerepelt a következo amerikai filmben?;Bibi Andersson;Gloria Swanson;Roland Bertin;Sean Connery;2
Az alábbiak közül ki szerepelt a következo német filmben?;Max Schrek;John Wayne;Michael Douglas;Robin Williams;1
Az alábbiak közül ki szerepelt a következo német filmben?;Robert Hossein;Teresa Wright;Timothy Hutton;Emil Jannings;4
Az alábbiak közül ki szerepelt a következo szovjet-orosz filmben?;Alekszandr Antonov;Jacques Dufilho;Fay Wray;Laurence Olivier;1
Az alábbiak közül ki szerepelt a következo amerikai filmben?;Yaphet Kotto;Jeanette Macdonald;Victor Sjöström;James Mason;2
Az alábbiak közül ki szerepelt a következo angol filmben?;Charles Laughton;Mark Hamill;Paul Henreid;Lauren Bacall;1
Az alábbiak közül ki szerepelt a következo szovjet-orosz filmben?;Lee van Cleef;Stanley Tucci;Liam Neeson;Borisz Babocskin;4
Az alábbiak közül ki szerepelt a következo francia filmben?;Gustavo Serena;Reni Santoni;Charlton Heston;Jean Gabin;4
Az alábbiak közül ki szerepelt a következo német filmben?;Joseph Cotten;Olivia Newton-John;Otto Gebühr;Michael Hordern;3
Az alábbiak közül ki szerepelt a következo amerikai filmben?;Patricia Collinge;Maria Schneider;Pola Negri;Alan Bates;1
Az alábbiak közül ki szerepelt a következo angol filmben?;Lana Turner;Conrad Veidt;Rita Gam;André Liabel;1
Az alábbiak közül ki szerepelt a következo angol filmben?;Maria Schell;John Mills;Jacques Perrin;Karl Malden;2
Az alábbiak közül ki szerepelt a következo angol filmben?;Nyikolaj Ohlopkov;Laurence Olivier;Jacques Dufilho;James Stewart;2
Az alábbiak közül ki szerepelt a következo angol filmben?;Alec Guinnes;Lara Flynn Boyle;Ying Roucheng;Laura Dern;1
Az alábbiak közül ki szerepelt a következo amerikai filmben?;Michel Galabru;Jonathan Pryce;Karlheinz Böhm;Spencer Tracy;4
Az alábbiak közül ki szerepelt a következo amerikai filmben?;Pierre Batcheff;Gene Kelly;Marlon Brando;Mary Marquet;2
Az alábbiak közül ki szerepelt a következo olasz filmben?;Stanley Holloway;Kenneth Branagh;Paolo Bonacelli;Oskar Werner;3
Az alábbiak közül ki szerepelt a következo amerikai filmben?;Lianella Carell;Al Pacino;Jean Marais;Bibi Andersson;2
Az alábbiak közül ki szerepelt a következo amerikai filmben?;Gérard Depardieu;Jane Fonda;Anne Brochet;Kjó Macsiko;2
Az alábbiak közül ki szerepelt a következo NSZK-francia filmben?;Tami Stronach;Ke Huy Quan;Klaus Kinski;Kay Walsh;3
Az alábbiak közül ki szerepelt a következo amerikai filmben?;Jessica Lange;Margot Kidder;Fudzsi Tacuja;Salvador Dalí;1
Az alábbiak közül ki szerepelt a következo francia filmben?;Arnold Schwarzenegger;Karl Malden;Jean-Paul Belmondo;Rory Calhoun;3
Az alábbiak közül ki szerepelt a következo angol filmben?;Carl Miller;Grigorij Alekszandrov;Ben Kingsley;Al Pacino;3
Az alábbiak közül ki szerepelt a következo NSZK filmben?;Barret Oliver;Michel Blanc;Mitchael Kitchen;Alec Guinnes;1
Az alábbiak közül ki szerepelt a következo francia filmben?;Paul Newman;Michel Boujenah;John Williams;John Heard;2
Az alábbiak közül ki szerepelt a következo amerikai filmben?;Claudia Cardinale;Willem Dafoe;Bibi Andersson;Dirk Bogarde;2
Az alábbiak közül ki szerepelt a következo francia filmben?;Peter Weller;Robert Morley;Willem Dafoe;Gérard Depardieu;4
Az alábbiak közül ki szerepelt a következo ausztrál filmben?;Dan O'Herlihy;Sean Young;Nicolas Cage;Paul Hogan;4
Az alábbiak közül ki szerepelt a következo finn-svéd filmben?;Barry Miller;Judy Garland;Matti Pellonpaa;Robert Duvall;3
Az alábbiak közül ki szerepelt a következo amerikai filmben?;Marlon Brando;Gustav Fröhlich;Pola Negri;Kevin Costner;4
Az alábbiak közül ki szerepelt a következo amerikai filmben?;Szerafima Birman;Eileen Herlie;Jeremy Irons;Juliette Lewis;4
Az alábbiak közül ki szerepelt a következo angol-amerikai filmben?;Karen Allen;Nyikolaj Ohlopkov;Robert De Niro;Colin Friels;4
Ki rendezte a következo filmet: Utazás a Holdba?;Roman Polanski;David Lean;Penelope Spheeris;Georges Méliés;4
Ki rendezte a következo filmet: Angyalka?;Mervyn Le Roy;Urban Gad;Cecil B. De Mille;John Badman;2
Ki rendezte a következo filmet: Kohn, a bevándorló?;Joel Schumacher;Peter Brook;Mack Sennett;Robert Wise;3
Ki rendezte a következo filmet: Nyomorultak?;Francois Truffaut;Alfred Hitchcock;Albert Capellani;Luc Besson;3
Ki rendezte a következo filmet: Hamlet?;Claude Lelouch;Richard Lester;Gilbert M. Anderson;Svend Gade;4
Ki rendezte a következo filmet: A kölyök?;Ken Annakin;Charlie Chaplin;Curtis Hanson;Mick Jackson;2
Ki rendezte a következo filmet: A gyilkos arany?;Terry Gilliam;Luchino Visconti;Erich von Stroheim;Mark Rydell;3
Ki rendezte a következo filmet: Tízparancsolat?;Friedrich Wilhelm Murnau;Terry Gilliam;Marco Ferreri;Cecil B. De Mille;4
Ki rendezte a következo filmet: A bánatos utca?;Stanley Kubrick;Ivan Reitman;Elia Kazan;Georg Wilhelm Pabst;4
Ki rendezte a következo filmet: Aranyláz?;Joe Dante;Howart Hawks;Tay Garnett;Charles Chaplin;4
Ki rendezte a következo filmet: Napóleon?;Abel Gance;Oliver Stone;William Wyler;Ingmar Bergman;1
Ki rendezte a következo filmet: Egy elveszett no naplója?;Leo McCarey;Georg Wilhelm Pabst;Ted Kotcheff;Fred Zinnemann;2
Ki rendezte a következo filmet: Frankeistein?;Paul Verhoeven;James Whale;Alfred Hitchcock;Terry Gilliam;2
Ki rendezte a következo filmet: Dracula?;Francis F. Coppola;Amy Heckerling;Tod Browning;Federico Fellini;3
Ki rendezte a következo filmet: VIII. Henrik magánélete?;Edwin S. Porter;Carol Reed;Constantin Costa-Gravas;Korda Sándor;4
Ki rendezte a következo filmet: Csapajev?;Robert Wise;Barbra Streisand;Szergej Vasziljev;Ron Howard;3
Ki rendezte a következo filmet: A Bounty lázadói?;Steven Spielberg;Frank Lloyd;Orson Welles;Robert Altman;2
Ki rendezte a következo filmet: A besúgó?;John Ford;Alfred Hitchcock;John Badman;Martin Scorsese;1
Ki rendezte a következo filmet: A berlini olimpia?;Roberto Rossellini;Leni Riefenstahl;Fred Zinnemann;Richard Marquand;2
Ki rendezte a következo filmet: Jezabel?;Ernst Lubitsch;William Wyler;Ridley Scott;Robert Benton;2
Ki rendezte a következo filmet: Ninocska?;John Huston;Amy Heckerling;Ernst Lubitsch;Stanley Kramer;3
Ki rendezte a következo filmet: A Manderley-ház asszonya?;Terry Gilliam;Luchino Visconti;Alfred Hitchcock;Terry Jones;3
Ki rendezte a következo filmet: Philadelphiai történet?;George Roy Hill;Lewis Milestone;George Cukor;Milos Forman;3
Ki rendezte a következo filmet: Macska a forró házteton?;Richard Brooks;Joel Schumacher;Peter Brook;Stanley Kubrick;1
Ki rendezte a következo filmet: Pizsamajáték?;Ernst Lubitsch;Michael Gordon;Milos Forman;Ridley Scott;2
Ki rendezte a következo filmet: Négyszáz csapás?;Francois Truffaut;Alan J. Pakula;Bob Fosse;Cecil B. De Mille;1
Ki rendezte a következo filmet: Rocco és fivérei?;Federico Fellini;Woody Allen;Karl Hartl;Luchino Visconti;4
Ki rendezte a következo filmet: Az éjszaka?;Georg Wilhelm Pabst;Marco Ferreri;Michelangelo Antonioni;Lewis Milestone;3
Ki rendezte a következo filmet: West Side Story?;Robert Wise;Robert Zemeckis;David Lean;Harold Ramis;1
Ki rendezte a következo filmet: Madarak?;John Badman;Mervyn Le Roy;Vszevolod Pudovkin;Alfred Hitchcock;4
Ki rendezte a következo filmet: Irma, te édes?;Garry Marshall;Bruce Beresford;Billy Wilder;Alfred Hitchcock;3
Ki rendezte a következo filmet: A legyek ura?;Stephen Frears;Fred Zinnemann;Kuroszava Akira;Peter Brook;4
Ki rendezte a következo filmet: Doktor Zsivago?;Richard Lester;Paul Verhoeven;Robert Stevenson;David Lean;4
Ki rendezte a következo filmet: Azok a csodálatos férfiak?;Giuseppe Tornatore;Elia Kazan;Walter Hill;Ken Annakin;4
Ki rendezte a következo filmet: A kém, aki a hidegbol jött?;Ernst Lubitsch;George Lucas;Martin Ritt;Georg Wilhelm Pabst;3
Ki rendezte a következo filmet: Szigorúan ellenorzött vonatok?;Andrew Fleming;David Lean;Mike Nichols;Jiri Menzel;4
Ki rendezte a következo filmet: Funny Girl?;William Wyler;Steven Spielberg;Martin Scorsese;Alfred Hitchcock;1
Ki rendezte a következo filmet: Háború és béke?;Szergej Bandarcsuk;Fred Niblo;Peter Bogdanovich;Jim Sharman;1
Ki rendezte a következo filmet: Oliver?;Gene Kelly;Carol Reed;Mervyn Le Roy;Tony Scott;2
Ki rendezte a következo filmet: A lovakat lelövik, ugye??;Sidney Pollack;Robert Wiene;Czinner Pál;Alan J. Pakula;1
Ki rendezte a következo filmet: Ryan leánya?;David Lean;Otto Preminger;Elia Kazan;Ivan Reitman;1
Ki rendezte a következo filmet: Piszkos Harry?;Sandy Kroopf;Jean Cocteau;Don Siegel;Vittorio De Sica;3
Ki rendezte a következo filmet: Mi van, doki??;Milos Forman;Lewis Milestone;Szergej Eizenstein;Peter Bogdanovich;4
Ki rendezte a következo filmet: A nagy zabálás?;Robert Siodmak;Steven Spielberg;Marco Ferreri;David Cronenberg;3
Ki rendezte a következo filmet: Ilyenek voltunk?;Allan Dwan;Bernardo Bertolucci;Sidney Pollack;Steven Spielberg;3
Ki rendezte a következo filmet: Rocky Horror Show?;Jim Sharman;Edwin S. Porter;William Wyler;Sidney Pollack;1
Ki rendezte a következo filmet: Gyalog-galopp?;Robert Redford;George Stevens;William Dieterle;Terry Gilliam;4
Ki rendezte a következo filmet: Taxisofor?;Friedrich Wilhelm Murnau;Martin Scorsese;Alan J. Pakula;Stanley Kubrick;2
Ki rendezte a következo filmet: Az elnök emberei?;Elia Kazan;Alan J. Pakula;Paul Verhoeven;Ivan Reitman;2
Ki rendezte a következo filmet: Annie Hall?;Martin Scorsese;Woody Allen;Charles Chaplin;Guy Hamilton;2
Ki rendezte a következo filmet: Szombat esti láz?;Francois Truffaut;John Badman;Jean-Paul Rappeneau;Robert Rossen;2
Mikor készült a következo film: Oz, a csodák csodája?;1939;1970;1920;1908;1
Mikor készült a következo film: Érik a gyümölcs?;1940;1948;1982;1984;1
Mikor készült a következo film: Aranypolgár?;1967;1994;1941;1913;3
Mikor készült a következo film: Gyanakvó szerelem?;1941;1963;1961;1993;1
Mikor készült a következo film: A törvényenkívüli?;1943;1994;1965;1966;1
Mikor készült a következo film: Az Operaház fantomja?;1992;1943;1960;1962;2
Mikor készült a következo film: Martinique?;1944;1947;1984;1948;1
Mikor készült a következo film: A hetedik kereszt?;1981;1942;1939;1944;4
Mikor készült a következo film: A gyilkosok?;1988;1954;1946;1989;3
Mikor készült a következo film: Sötét  átjáró?;1980;1947;1937;1978;2
Mikor készült a következo film: Hamlet?;1948;1959;1990;1957;1
Mikor készült a következo film: Twist Olivér?;1939;1941;1980;1948;4
Mikor készült a következo film: Stromboli?;1927;1972;1949;1974;3
Mikor készült a következo film: Sámson és Delila?;1949;1991;1958;1960;1
Mikor készült a következo film: Királylány a feleségem?;1994;1964;1951;1966;3
Mikor készült a következo film: Idegenek a vonaton?;1991;1951;1963;1992;2
Mikor készült a következo film: Viva Zapata!?;1943;1980;1940;1952;4
Mikor készült a következo film: Ének az esoben?;1926;1952;1973;1925;2
Mikor készült a következo film: A rakparton?;1977;1979;1935;1954;4
Mikor készült a következo film: Rossz nap Black Rockban?;1955;1958;1956;1989;1
Mikor készült a következo film: Sissi?;1979;1955;1943;1940;2
Mikor készült a következo film: 80 nap alatt a Föld körül?;1994;1956;1913;1968;2
Mikor készült a következo film: Macska a forró házteton?;1967;1994;1965;1958;4
Mikor készült a következo film: Lakóhajó?;1957;1990;1989;1958;4
Mikor készült a következo film: Lánglovagok?;1949;1984;1947;1991;4
Mikor készült a következo film: Wayne világa?;1987;1986;1992;1950;3
Mikor készült a következo film: Összeomlás?;1993;1973;1971;1921;1
Mikor készült a következo film: Schindler listája?;1989;1955;1990;1994;4
Mikor készült a következo film: Ponyvaregény?;1903;1966;1993;1994;4
Mikor készült a következo film: Csupasz pisztoly 33 1/3-Az utolsó merénylet?;1994;1973;1972;1924;1
Hova torkollik következo folyó: Yukon?;Balti-tenger;Fekete-tenger;Amazonas;Csendes-óceán;4
Hova torkollik következo folyó: Rio Grande?;Mexikói-öböl;Ob-Irtis;Amazonas;Balti-tenger;1
Hova torkollik következo folyó: Savannah?;Mississippi;Atlanti-óceán;Missouri;Niger;2
Hova torkollik következo folyó: Yellowstone?;Volga;Északi-tenger;Missouri;Indiai-óceán;3
Hova torkollik következo folyó: Pecos?;Nílus;Pó;Rio Grande;Atlanti-óceán;3
Hova torkollik következo folyó: Sonora?;Atlanti-óceán;Ob-Irtis;Kelet-Szibériai-tenger;Kaliforniai-öböl;4
Hova torkollik következo folyó: San Juan?;Mississippi;Mexikói-öböl;Karib-tenger;Niger;3
Hova torkollik következo folyó: Guaviare?;Kelet-Kínai-tenger;Orinoco;Niger;Rio Grande;2
Hova torkollik következo folyó: Amazonas?;Atlanti-óceán;Csendes-óceán;Földközi-tenger;Rajna;1
Hova torkollik következo folyó: Japurá?;Amazonas;Fekete-tenger;Duna;Atlanti-óceán;1
Hova torkollik következo folyó: Paraná?;Paraguay;Amazonas;Atlanti-óceán;Duna;3
Hova torkollik következo folyó: Bermejo?;Zaire;Atlanti-óceán;Mexikói-öböl;Paraguay;4
Hova torkollik következo folyó: Sao Francisco?;Kaszpi-tenger;Volga;Atlanti-óceán;Paraguay;3
Hova torkollik következo folyó: Murrumbidge?;Kelet-Kínai-tenger;Mississippi;Rio Grande;Murray;4
Hova torkollik következo folyó: Limpopo?;Mississippi;Benini-öböl;Indiai-óceán;Kara-terger;3
Hova torkollik következo folyó: Okavango?;Guineai-öböl;Mexikói-öböl;Zaire;Okavaggo-mocsárvidék;4
Hova torkollik következo folyó: Nílus?;Földközi-tenger;Atlanti-óceán;Sárga-tenger;Rio Grande;1
Hova torkollik következo folyó: Ubangi?;Atlanti-óceán;Kaszpi-tenger;Duna;Zaire;4
Hova torkollik következo folyó: Aruwimi?;Zaire;Orinoco;Dél-Kínai-tenger;Atlanti-óceán;1
Hova torkollik következo folyó: Niger?;Nílus;Guineai-öböl;Atlanti-óceán;Pó;2
Hova torkollik következo folyó: Jangce?;Fehér-Nílus;Kelet-Kínai-tenger;Loire;Atlanti-óceán;2
Hova torkollik következo folyó: Ob-Irtis?;Ob-öböl;Adriai-tenger;Indiai-óceán;Rajna;1
Hova torkollik következo folyó: Szir-darja-Nasin?;Indiai-óceán;Aral-tó;Mississippi;Niger;2
Hova torkollik következo folyó: Amu-darja?;Fekete-tenger;Aral-tó;Atlanti-óceán;Jangce;2
Hova torkollik következo folyó: Olenyok?;Laptyev-tenger;Csendes-óceán;Atlanti-óceán;Zaire;1
Hova torkollik következo folyó: Jana?;Laptyev-tenger;Fekete-tenger;Atlanti-óceán;Amazonas;1
Hova torkollik következo folyó: Visztula?;Balti-tenger;Atlanti-óceán;Fekete-tenger;Duna;1
Hova torkollik következo folyó: Elba?;Amazonas;Atlanti-óceán;Ob-Irtis;Északi-tenger;4
Hova torkollik következo folyó: Nytra?;Fehér-Nílus;Atlanti-óceán;Duna;Rajna;3
Hova torkollik következo folyó: Dvina?;Benini-öböl;Balti-tenger;Kara-terger;Missouri;2
Hova torkollik következo folyó: Káma?;Zaire;Csendes-óceán;Volga;Atlanti-óceán;3
Hova torkollik következo folyó: Loire?;Mozambiki-csatorna;Atlanti-óceán;Mexikói-öböl;Fehér-Nílus;2
Hova torkollik következo folyó: Mosel?;Ob-Irtis;Atlanti-óceán;Északi-tenger;Rajna;4
Hova torkollik következo folyó: Maas?;Indiai-óceán;Ohotszki-tenger;Atlanti-óceán;Rajna;4
Milyen hosszú a következo folyó: Nelson?;731 km.;2860 km.;1580 km.;1550 km.;1
Milyen hosszú a következo folyó: Hudson?;2084 km.;4400 km.;520 km.;2750 km.;3
Milyen hosszú a következo folyó: Szent Lorinc-folyó?;2285 km.;2534 km.;3770 km.;1420 km.;3
Milyen hosszú a következo folyó: Red River?;2030 km.;2720 km.;1966 km.;830 km.;3
Milyen hosszú a következo folyó: Cauca?;6212 km.;3000 km.;1000 km.;6300 km.;3
Milyen hosszú a következo folyó: Rio Negro?;1550 km.;2897 km.;6296 km.;2413 km.;1
Milyen hosszú a következo folyó: Putumayo?;1360 km.;1580 km.;2736 km.;2570 km.;2
Milyen hosszú a következo folyó: Darling?;2720 km.;6690 km.;1010 km.;500 km.;1
Milyen hosszú a következo folyó: Murrumbidge?;2860 km.;2070 km.;2414 km.;6296 km.;2
Milyen hosszú a következo folyó: Nílus?;1450 km.;6690 km.;6296 km.;1550 km.;2
Milyen hosszú a következo folyó: Jangce?;2736 km.;1360 km.;6300 km.;2570 km.;3
Milyen hosszú a következo folyó: Sárga-folyó?;2650 km.;1000 km.;4667 km.;2092 km.;3
Milyen hosszú a következo folyó: Indus?;1689 km.;6300 km.;2897 km.;1966 km.;3
Milyen hosszú a következo folyó: Amu-darja?;2900 km.;2549 km.;3690 km.;2540 km.;4
Milyen hosszú a következo folyó: Salween?;2413 km.;2750 km.;4400 km.;2273 km.;1
Milyen hosszú a következo folyó: Don?;6212 km.;1967 km.;1600 km.;1966 km.;2
Milyen hosszú a következo folyó: Káma?;2860 km.;3690 km.;2030 km.;1650 km.;3
Milyen hosszú a következo folyó: Pecsora?;1550 km.;2414 km.;2860 km.;1814 km.;4
Honnan ered a következo folyó: Potomac?;Sziklás-hegység;Andok;Fekete-erdo;Guayanai-hegyvidék;1
Honnan ered a következo folyó: Rio Grande?;Appalache-hegység;Sziklás-hegység;Altaj;Közép-Afrika;2
Honnan ered a következo folyó: Savannah?;Appalache-hegység;Alpok;Kimberley-fennsík;Nagy-Vízválasztó-hegység;1
Honnan ered a következo folyó: Arkansas?;Franciaország;Sziklás-hegység;Alpok;Ruanda;2
Honnan ered a következo folyó: Conchos?;Pamír;Dél-Kínai-hegyvidék;Brazília;Nyugati Sierra Madre;4
Honnan ered a következo folyó: Orinoco?;Parima-hegység;Déli Sierra Madre;Törökország;Nagy-Hingan;1
Honnan ered a következo folyó: Apure?;Meridai-Kordillera;Sztanovoj-hegység;Tien-san;Parima-hegység;1
Honnan ered a következo folyó: Amazonas?;Andok;Brazil-magasföld;Északkeleti-Kárpátok;Valdaj-hátság;1
Honnan ered a következo folyó: Maranon?;Közép-Szibériai-fennsík;Észak-Nyugati-Kárpátok;Andok;Altaj;3
Honnan ered a következo folyó: Iguacu?;Parima-hegység;Himalája;Sztanovoj-hegység;Brazil-magasföld;4
Honnan ered a következo folyó: Paraguay?;Katanga-fennsík;Brazil-magasföld;Sziklás-hegység;Kongói-medence;2
Honnan ered a következo folyó: Pilcomajo?;Sziklás-hegység;Szemliki;Alpok;Brazil-magasföld;4
Honnan ered a következo folyó: Lachlan?;Nyugat-Ausztrália;Nagy-Vízválasztó-hegység;Alpok;Katanga-fennsík;2
Honnan ered a következo folyó: Fitzroy?;Észak-Nyugati-Kárpátok;Andok;Altaj;Kimberley-fennsík;4
Honnan ered a következo folyó: Vaal?;Szváziföld;Minnesota;Közép-Afrika;Etióp-magasföld;1
Honnan ered a következo folyó: Bahr-el-Gazál?;Parima-hegység;Közép-Afrika;Déli Sierra Madre;Himalája;2
Honnan ered a következo folyó: Kasai?;Nagy-Vízválasztó-hegység;Katanga-fennsík;Alpok;Észak-Ausztrália;2
Honnan ered a következo folyó: Bomu?;Tien-san;Nicaragua;Kolima-hegység;Kongói-medence;4
Honnan ered a következo folyó: Benue?;Közép-Afrika;Észak-Nyugati-Kárpátok;Brazil-magasföld;Fekete-erdo;1
Honnan ered a következo folyó: Fehér-Volta?;Nyugati Sierra Madre;Etióp-magasföld;Nagy-Hingan;Közép-Afrika;4
Honnan ered a következo folyó: Jenyiszej-Angara-Szelenga?;Fekete-erdo;Keleti-Kordillera;Altaj;Guayanai-hegyvidék;3
Honnan ered a következo folyó: Léna?;Nyugat-Szibéria;Sztanovoj-hegység;Közép-Afrika;Sziklás-hegység;2
Honnan ered a következo folyó: Viljuj?;Közép-Szibériai-fennsík;Sziklás-hegység;Himalája;Tien-san;1
Honnan ered a következo folyó: Amu-darja?;Futa-Dzsalon-Plató;Kamerun;Appalache-hegység;Pamír;4
Honnan ered a következo folyó: Jana?;Parima-hegység;Nagy-Hingan;Törökország;Verhojanszki-hegység;4
Honnan ered a következo folyó: Han?;Észak-Ausztrália;Qin-hegység;Alpok;Botswana;2
Honnan ered a következo folyó: Morva?;Valdaj-hátság;Brazil-magasföld;Észak-Nyugati-Kárpátok;Urál;3
Honnan ered a következo folyó: Ipoly?;Kimberley-fennsík;Észak-Nyugati-Kárpátok;Angola;Alpok;2
Honnan ered a következo folyó: Volga?;Közép-Afrika;Minnesota;Sziklás-hegység;Valdaj-hátság;4
Honnan ered a következo folyó: Dvina?;Valdaj-hátság;Katanga-fennsík;Franciaország;Szváziföld;1
Honnan ered a következo folyó: Inn?;Sziklás-hegység;Katanga-fennsík;Alpok;Kongói-medence;3
Honnan ered a következo folyó: Isére?;Alpok;Andok;Törökország;Verhojanszki-hegység;1
Honnan ered a következo folyó: Mosel?;Sziklás-hegység;Közép-Afrika;Franciaország;Altaj;3
Honnan ered a következo folyó: Indre?;Francia-középhegység;Fekete-erdo;Brazil-magasföld;Északkeleti-Kárpátok;1
Mikor volt az utolsó kitörése a következo vulkánnak Thíra?;1945;1720;1973;1983;1
Mikor volt az utolsó kitörése a következo vulkánnak Sutsey?;1909;1967;1970;1971;2
Mikor volt az utolsó kitörése a következo vulkánnak Szopka Tolbacsik?;1980;1967;1931;1707;3
Mikor volt az utolsó kitörése a következo vulkánnak Dempo?;1972;1940;1950;1823;2
Mikor volt az utolsó kitörése a következo vulkánnak Agung?;1927;1964;1972;1843;4
Mikor volt az utolsó kitörése a következo vulkánnak Asama?;1913;1950;1973;1911;3
Mikor volt az utolsó kitörése a következo vulkánnak Mt. St. Helens?;1896;1964;1934;1980;4
Mikor volt az utolsó kitörése a következo vulkánnak Atitlán?;1856;1983;1720;1973;1
Mikor volt az utolsó kitörése a következo vulkánnak Guallatiri?;1855;1913;1727;1876;2
Mikor volt az utolsó kitörése a következo vulkánnak Tutupaca?;1972;1967;1802;1728;3
Mikor volt az utolsó kitörése a következo vulkánnak Lastarria?;1896;1972;1950;1929;4
Mikor volt az utolsó kitörése a következo vulkánnak Villarica?;1939;1961;1971;1802;3
Mikor volt az utolsó kitörése a következo vulkánnak Mt. Ulawun?;1967;1973;1966;1917;2
Melyik állam területén található a következö vulkán Stromboli?;Réunion;Zaire;Olaszország;USA;3
Melyik állam területén található a következö vulkán Hekla?;Izland;Indonézia;Guatemala;Oroszország;1
Melyik állam területén található a következö vulkán Klucsevszkaja Szopka?;Tanzánia;Oroszország;Zaire;Chile;2
Melyik állam területén található a következö vulkán Semeru?;Görögország;Indonézia;Oroszország;USA;2
Melyik állam területén található a következö vulkán Szopka Sivelucs?;Indonézia;Oroszország;Peru;Chile;2
Melyik állam területén található a következö vulkán Ploszkij Tolbacsik?;Spanyolország;Oroszország;Tanzánia;Kolumbia;2
Melyik állam területén található a következö vulkán Marapi?;Panama;Indonézia;Salvador;Oroszország;2
Melyik állam területén található a következö vulkán Meru?;Uj-Zéland;USA;Tanzánia;Comore-szigetek;3
Melyik állam területén található a következö vulkán Kartala?;Portugália;Zöld-foki Köztársaság;Comore-szigetek;USA;3
Melyik állam területén található a következö vulkán Ponta do Pico?;Ecuador;Zaire;Kolumbia;Portugália;4
Melyik állam területén található a következö vulkán Mt. Shasta?;Uj-Zéland;Tanzánia;USA;Réunion;3
Melyik állam területén található a következö vulkán Lassen Peak?;Salvador;Martinique;USA;Indonézia;3
Melyik állam területén található a következö vulkán Redoubt?;USA;Japán;Guatemala;Oroszország;1
Melyik állam területén található a következö vulkán Poás?;Oroszország;Costa Rica;Indonézia;USA;2
Melyik állam területén található a következö vulkán Guallatiri?;Argentína;Indonézia;Chile;Japán;3
Melyik állam területén található a következö vulkán Cotopaxi?;Chile;Oroszország;Indonézia;Ecuador;4
Melyik állam területén található a következö vulkán Lascar?;Ecuador;Fülöp-szigetek;Indonézia;Chile;4
Melyik állam területén található a következö vulkán Villarica?;Chile;Olaszország;Izland;USA;1
Melyik állam területén található a következö vulkán Hualalai?;Argentína;Indonézia;Peru;USA;4
Melyik versenyszámban indult Baczakó Péter (1980,Moszkva)?;könnyusúly;kard;agyaggalamblövés;félnehézsúly;4
Melyik versenyszámban indult Darnyi Tamás (1988,Szöul)?;200 m vegyes;párbajtor;kalapácsvetés;tor;1
Melyik versenyszámban indult Darnyi Tamás (1992,Barcelona)?;gyuru;kötött fogás légsúly;200 m vegyes;lólengés;3
Melyik versenyszámban indult Egerszegi Krisztina (1996,Atlanta)?;200 m mell;200 m hát;kard;ötalakos gyorspisztoly 25 m;2
Melyik versenyszámban indult Férfi kajak kettes (2000,Sydney)?;légsúly;kajak kettes 500 m;kenu 1000 m;kard;2
Melyik versenyszámban indult Férfi kenu kettes (1980,Moszkva)?;kenu kettes 500 m;kard;párbajtor;nagyváltósúly;1
Melyik versenyszámban indult Gerevich Aladár (1948,London)?;muszabadgyakorlat;100 m gyors;párbajtor;kard;4
Melyik versenyszámban indult Gyulay Zsolt (1988,Szöul)?;kötött fogás nehézsúly;gyuru;kalapácsvetés;kajak 500 m;4
Melyik versenyszámban indult Halmay Zoltán (1904,St. Louis)?;50 yard gyors;kard;kötött fogás váltósúly;kajak 1000 m;1
Melyik versenyszámban indult Kard csapat (1908,London)?;hadipuska 300 m;100 m gyors;könnyusúly;kard;4
Melyik versenyszámban indult Kard csapat (1932,Los Angeles)?;200 m hát;kalapácsvetés;kötött fogás 82 kg;kard;4
Melyik versenyszámban indult Kard csapat (1948,London)?;szabad fogás légsúly;kard;felemáskorlát;kalapácsvetés;2
Melyik versenyszámban indult Keleti Agnes (1956,Melbourne)?;sportpuska, fekvo;kard;ötalakos gyorspisztoly 25 m;felemáskorlát;4
Melyik versenyszámban indult Kocsis Antal (1928,Amszterdam)?;kard;légsúly;kenu kettes 500 m;nagyváltósúly;2
Melyik versenyszámban indult Kovács Agnes (2000,Sydney)?;200 m hát;kötött fogás könnyusúly;kalapácsvetés;200 m mell;4
Melyik versenyszámban indult Kulcsár Gyozo (1968,Mexikóváros)?;szabad fogás nehézsúly;kard;szabad fogás légsúly;párbajtor;4
Melyik versenyszámban indult Mezo Ferenc (1928,Amszterdam)?;epikai muvek;100 m gyors;muszabadgyakorlat;kard;1
Melyik versenyszámban indult Nagy Tímea (2000,Sydney)?;kard;kenu kettes 500 m;4X100 m gyorsváltó;párbajtor;4
Melyik versenyszámban indult Onodi Henrietta (1992,Barcelona)?;ugrás;kard;kenu kettes 500 m;kajak kettes 500 m;1
Melyik versenyszámban indult Párbajtor csapat (1964,Tokió)?;légsúly;felemáskorlát;kalapácsvetés;párbajtor;4
Melyik versenyszámban indult Párbajtor csapat (1968,Mexikóváros)?;100 m gyors;kard;200 m mell;párbajtor;4
Melyik versenyszámban indult Prokopp Sándor (1912,Stockholm)?;100 yard gyors;muszabadgyakorlat;hadipuska 300 m;kötött fogás pehelysúly;3
Melyik versenyszámban indult Székely Éva (1952,Helsinki)?;sportpuska, fekvo;kard;kötött fogás könnyusúly;200 m mell;4
Melyik versenyszámban indult Szilvásy Miklós (1952,Helsinki)?;kötött fogás 57 kg;kenu 1000 m;kötött fogás váltósúly;kard;3
Melyik versenyszámban indult Török Gyula (1960,Róma)?;szabad fogás könnyusúly;felemáskorlát;légsúly;tor;3
Melyik versenyszámban indult Weisz Richárd (1908,London)?;kajak négyes 1000 m;kötött fogás nehézsúly;tor;párbajtor;2
Melyik versenyszámban indult Zombori Ödön (1936,Berlin)?;gyuru;szabad fogás légsúly;harmatsúly;párbajtor;2
Mikor szerzett érmet Csik Ferenc úszás szakágban?;1928;1936;1964;1932;2
Mikor szerzett érmet Czene Attila úszás szakágban?;1996;1964;1924;1932;1
Mikor szerzett érmet Énekes István ökölvívás szakágban?;1968;1932;1952;1948;2
Mikor szerzett érmet Fuchs Jeno vívás szakágban?;1992;1976;1908;1952;3
Mikor szerzett érmet Gyenge Valéria úszás szakágban?;1952;1912;1988;1924;1
Mikor szerzett érmet Gyulay Zsolt kajak-kenu szakágban?;1988;1964;1948;1896;1
Mikor szerzett érmet Kabos Endre vívás szakágban?;1972;2000;1988;1936;4
Mikor szerzett érmet Kárpáti Rudolf vívás szakágban?;1952;1928;1956;2000;3
Mikor szerzett érmet Keresztes Lajos birkózás szakágban?;1928;1988;1908;1952;1
Mikor szerzett érmet Kovács Pál vívás szakágban?;1988;1964;1936;1952;4
Mikor szerzett érmet Kulcsár Gyozo vívás szakágban?;1992;1968;1996;1960;2
Mikor szerzett érmet Labdarúgó csapat labdarúgás szakágban?;1952;1996;1988;1936;1
Mikor szerzett érmet Noi kajak négyes kajak-kenu szakágban?;1992;1968;1952;1956;1
Mikor szerzett érmet Noi tor csapat vívás szakágban?;1996;1964;1952;1968;2
Mikor szerzett érmet noi úszócsapat úszás szakágban?;1952;1948;1972;1932;1
Mikor szerzett érmet Pelle István torna szakágban?;1932;1960;1952;1912;1
Mikor szerzett érmet Repka Attila birkózás szakágban?;1928;1976;1952;1992;4
Mikor szerzett érmet Szabó József úszás szakágban?;1936;1988;1972;1964;2
Mikor szerzett érmet Takács Károly sportlövészet szakágban?;1964;1936;1948;1960;3
Mikor szerzett érmet Varga Károly sportlövészet szakágban?;1980;1960;1952;1988;1
Mikor szerzett érmet Vízilabda csapat vízilabda szakágban?;1912;1928;1932;1952;3
Mikor szerzett érmet Zsivótzky Gyula atlétika szakágban?;1996;1960;1988;1968;4
Milyen szakágban ért el eredményt Csík Tibor?;vívás;kajak-kenu;atlétika;ökölvívás;4
Milyen szakágban ért el eredményt Czene Attila?;torna;labdarúgás;úszás;vívás;3
Milyen szakágban ért el eredményt Férfi kajak kettes?;úszás;atlétika;kajak-kenu;birkózás;3
Milyen szakágban ért el eredményt Fuchs Jeno?;ökölvívás;vívás;úszás;sportlövészet;2
Milyen szakágban ért el eredményt Gedó György?;kajak-kenu;ökölvívás;vívás;úszás;2
Milyen szakágban ért el eredményt Hammerl László?;vívás;ökölvívás;sportlövészet;atlétika;3
Milyen szakágban ért el eredményt Hódos Imre?;atlétika;birkózás;cselgáncs;öttusa;2
Milyen szakágban ért el eredményt Kard csapat?;sportlövészet;úszás;birkózás;vívás;4
Milyen szakágban ért el eredményt Kocsis Antal?;torna;vízilabda;vívás;ökölvívás;4
Milyen szakágban ért el eredményt Kovács István?;súlyemelés;ökölvívás;torna;birkózás;2
Milyen szakágban ért el eredményt Kobán Rita?;úszás;birkózás;vívás;kajak-kenu;4
Milyen szakágban ért el eredményt Mezo Ferenc?;úszás;birkózás;vízilabda;muvészeti verseny;4
Milyen szakágban ért el eredményt Noi kajak négyes?;birkózás;úszás;kajak-kenu;muvészeti verseny;3
Milyen szakágban ért el eredményt Noi tor csapat?;vívás;vízilabda;birkózás;atlétika;1
Milyen szakágban ért el eredményt Öttusa csapat?;kajak-kenu;öttusa;atlétika;vívás;2
Milyen szakágban ért el eredményt Polyák Imre?;atlétika;ökölvívás;kajak-kenu;birkózás;4
Milyen szakágban ért el eredményt Prokopp Sándor?;atlétika;sportlövészet;úszás;cselgáncs;2
Milyen szakágban ért el eredményt Szabó József?;úszás;birkózás;torna;öttusa;1
Milyen szakágban ért el eredményt Tersztyánszky Ödön?;vívás;ökölvívás;öttusa;súlyemelés;1
Milyen szakágban ért el eredményt Török Ferenc?;öttusa;úszás;labdarúgás;torna;1
Milyen szakágban ért el eredményt Vízilabda csapat?;vízilabda;ökölvívás;kajak-kenu;öttusa;1
Mit mér: (magyar) akó?;síkszög;adatmennyiség;folyadékok surusége;térfogat;4
Mit mér: amper?;teljesítmény;térfogat;elektromos áramerosség;tömeg;3
Mit mér: barye?;tömeg;nyomás;teljesítmény;fényáram;2
Mit mér: Beaufort-skála?;szélerosség;mágneses indukció;térfogat;meddo teljesítmény;1
Mit mér: biot?;kinematikai viszkozitás;elektromos áramerosség;hosszúság;ero;2
Mit mér: csomó?;hosszúság;ero;síkszög;sebesség;4
Mit mér: dioptria?;fényáram;teljesítmény;töroképesség;tömeg;3
Mit mér: dyn?;terület;térfogat;hoennyiség;ero;4
Mit mér: franklin?;mágneses térerosség;tömeg;elektromos töltés;térfogat;3
Mit mér: hektár?;elektromos áramerosség;fénysuruségérzet;ido;terület;4
Mit mér: henry?;ido;nyomás;induktivitás;terület;3
Mit mér: karát?;aranytartalom;terület;elktromos teljesítmény;teljesítmény;1
Mit mér: kelvin?;térfogat;tömeg;nyomás;termodinamikai homérséklet;4
Mit mér: láb?;ero;entrópia;adatmennyiség;hosszúság;4
Mit mér: magyar hold?;frekvencia;terület;hosszúság;kinematikai viszkozitás;2
Mit mér: tengeri mérföld?;homérséklet;térfogat;hosszúság;tömeg;3
Mit mér: angol mérföld?;térfogat;energia;hosszúság;tömeg;3
Mit mér: négyszögöl?;hoennyiség;hosszúság;nyomás;terület;4
Mit mér: óra?;ido;adatmennyiség;kisugárzott felületi fényáram;radioaktivitás;1
Mit mér: pentád?;hosszúság;homérséklet;térfogat;ido;4
Mit mér: pond?;tömeg;térfogat;elektromos töltés;ero;4
Mit mér: Réaumur-fok?;térfogat;síkszög;homérséklet;beuméret;3
Mit mér: regisztertonna?;térfogat;hosszúság;radioaktivitás;mágneses térerosség;1
Mit mér: uncia?;elektromos áramerosség;tömeg;homérséklet;kisugárzott felületi fényáram;2
Mit mér: rof?;megvilágítás;hosszúság;tömeg;térfogat;2
Mit mér: röntgen?;homérséklet;hosszúság;tömeg;besugárzási dózis;4
Mit mér: ujj?;tömeg;hosszúság;munka;homérséklet;2
Mit mér: sing?;adatátviteli sebesség;mágneses térerosség;anyagmennyiség;hosszúság;4
Mit mér: log?;mágneses fluxus;hosszúság;térfogat;terület;3
Mit mér: mina?;hosszúság;tömeg;térfogat;homérséklet;2
Mit mér: volt?;elektromos feszültség;gyorsulás;hosszúság;kinematikai viszkozitás;1
Mit mér: voltamper?;elktromos teljesítmény;homérséklet;ero;sebesség;1
Milyen egységben mérjük: nyomás?;atm;O;A*h;d;1
Milyen egységben mérjük: radioaktivitás?;Gy;Hz;Bq;tex;3
Milyen egységben mérjük: homérséklet?;lx;°C;V;W*h;2
Milyen egységben mérjük: elektromos töltés?;erg;dB;C;Gal;3
Milyen egységben mérjük: kinematikai viszkozitás?;p;Cl;°E;Ci;3
Milyen egységben mérjük: homérséklet?;O;at;°F;d;3
Milyen egységben mérjük: gyorsulás?;Gal;kn;cm;bit;1
Milyen egységben mérjük: induktivitás?;BRT;kn;H;rad;3
Milyen egységben mérjük: hoennyiség?;K;cal;ft;cd;2
Milyen egységben mérjük: homérséklet?;°K;at; ?öl;d;1
Milyen egységben mérjük: megvilágítás?;lx;bar;°Bé;N;1
Milyen egységben mérjük: mágneses fluxus?;Mx;t;dyn*s /cm5;V;1
Milyen egységben mérjük: ero?;d;N;mol;atm;2
Milyen egységben mérjük: hosszúság?;Fr;rd;F;pc;4
Milyen egységben mérjük: síkszög?;?;C;ph;kp;1
Milyen egységben mérjük: dózisegyenérték?;dyn*s /cm5;mol;?;rem;4
Milyen egységben mérjük: mágneses indukció?;p;T;Cl;°;2
Milyen egységben mérjük: nyomás?;Torr;W;lm*s;Mx;1
Milyen egységben mérjük: mágneses fluxus?;m;W*h;Wb;Aó;3
Mi a kövtekezo mennyiség jele: elektromos töltés?;?;Q;l;F;2
Mi a kövtekezo mennyiség jele: nyomás?;p;t;F;l;1
Mi a kövtekezo mennyiség jele: homérséklet?;t;l;V;m;1
Mi a kövtekezo mennyiség jele: kinematikai viszkozitás?;F;t;?;MV;3
Mi a kövtekezo mennyiség jele: munka?;R;t;W;p;3
Mi a kövtekezo mennyiség jele: térfogat?;?;f;V;l;3
Mi a kövtekezo mennyiség jele: induktivitás?;V;m;P;L;4
Mi a kövtekezo mennyiség jele: hosszúság?;A;l;H;V;2
Mi a kövtekezo mennyiség jele: tömeg?;m;V;p;L;1
Mi a kövtekezo mennyiség jele: hosszúság?;V;l;Q;W;2
Mi a kövtekezo mennyiség jele: teljesítmény?;a;P;G;K;2
Mi a kövtekezo mennyiség jele: tömeg?;m;W;l;V;1
Mi a kövtekezo mennyiség jele: anyagmennyiség?;n;I;V;l;1
Mi a kövtekezo mennyiség jele: mágneses térerosség?;m;A;H;Q;3
Mi a kövtekezo mennyiség jele: ido?;l;m;t;W;3
Mi a kövtekezo mennyiség jele: kisugárzott felületi fényáram?;V;F;MV;l;3
Mi a kövtekezo mennyiség jele: hosszúság?;H;l;Q;m;2
Mi a kövtekezo mennyiség jele: besugárzási dózis?;l;X;LN;A;2
Mi a kövtekezo mennyiség jele: tömeg?;F;m;l;C;2
Mi a kövtekezo mennyiség jele: nyomás?;T;F;S;p;4
"Milyen eredet? a következö kifejezés: ""spektrum""";görög;szláv;francia-német;latin;4
"Milyen eredet? a következö kifejezés: ""spongya""";német;latin;francia-német;görög;4
"Milyen eredet? a következö kifejezés: ""stafírung""";görög;angol;latin;német;4
"Milyen eredet? a következö kifejezés: ""statáriális""";latin;francia-német;görög;török;1
"Milyen eredet? a következö kifejezés: ""stimulus""";latin;jiddis;olasz-francia;görög;1
"Milyen eredet? a következö kifejezés: ""studíroz""";olasz;francia;latin;német;4
"Milyen eredet? a következö kifejezés: ""surplus""";görög-latin;francia;latin;francia-német;2
"Milyen eredet? a következö kifejezés: ""szaldó""";francia;latin;olasz;görög;3
"Milyen eredet? a következö kifejezés: ""szedál""";latin;görög;német;francia;1
"Milyen eredet? a következö kifejezés: ""szekretariátus""";francia;latin;szerb-horvát;angol;2
"Milyen eredet? a következö kifejezés: ""szemafor""";olasz;görög;latin-német;latin;2
"Milyen eredet? a következö kifejezés: ""szeparé""";francia;latin;görög-latin;német;1
"Milyen eredet? a következö kifejezés: ""szervíroz""";francia-német;latin;latin-francia;angol;1
"Milyen eredet? a következö kifejezés: ""szieszta""";spanyol;latin;német;görög-latin;1
"Milyen eredet? a következö kifejezés: ""szimplifikáció""";francia-német;francia;olasz;latin;4
"Milyen eredet? a következö kifejezés: ""szindróma""";német;görög;latin;francia-német;2
"Milyen eredet? a következö kifejezés: ""szinopszis""";angol;török;görög;latin;3
"Milyen eredet? a következö kifejezés: ""sztratifikáció""";német;francia-német;görög;latin;4
"Milyen eredet? a következö kifejezés: ""szuggesztió""";német;olasz;görög;latin;4
"Milyen eredet? a következö kifejezés: ""szukcesszor""";angol;latin-francia;görög;latin;4
"Milyen eredet? a következö kifejezés: ""szuverenitás""";francia;latin;görög-latin;német;1
"Milyen eredet? a következö kifejezés: ""taksa""";francia-német;latin;görög;német;2
"Milyen eredet? a következö kifejezés: ""talizmán""";német;latin;görög-latin;görög-arab;4
Hogy mondanád másképp: nyárspolgár?;inspiráció;volumetria;zelóta;filiszter;4
Hogy mondanád másképp: törzsfejlodés?;hippodrom;filogenezis;top;imprinting;2
Hogy mondanád másképp: rögeszme?;obligáció;barbakán;fixa idea;pamflet;3
Hogy mondanád másképp: nyomdai hasáb?;schisma;flekk;revizor;reiteráció;2
Hogy mondanád másképp: folyékonyság?;viadukt;koefficiens;ablegátus;fluiditás;4
Hogy mondanád másképp: áramlás?;fixa idea;simplex;fluxus;sifonér;3
Hogy mondanád másképp: töredék?;fragmentum;smafu;farizeus;rurális;1
Hogy mondanád másképp: közhely?;peregrinus;frázis;postscriptum;dementál;2
Hogy mondanád másképp: látogat?;frekventál;meditáció;narcizmus;akkumuláció;1
Hogy mondanád másképp: orjöngo?;agglomerátum;lunátikus;agitál;furiózus;4
Hogy mondanád másképp: réteges falemez?;furnér;kolerikus;vindikáció;abonál;1
Hogy mondanád másképp: üszkösödés?;poligámia;didaktika;prohibíció;gangréna;4
Hogy mondanád másképp: pokol, kárhozat?;epitáfium;replika;gyehenna;rotunda;3
Hogy mondanád másképp: 17 szótagú japán versforma?;acta;kataszter;zseneroz;haiku;4
Hogy mondanád másképp: hasfelmetszés?;bikefál;offenzíva;harakiri;parciális;3
Hogy mondanád másképp: mesterhármas?;hat-trick;altruista;memorábilis;negáció;1
Hogy mondanád másképp: napszúrás?;profán;plezúr;daktiloszkópia;heliosis;4
Hogy mondanád másképp: májgyulladás?;tacepao;hirig;hepatitis;hierográfia;3
Hogy mondanád másképp: eretnek?;celebritás;percepció;portál;heretikus;4
Hogy mondanád másképp: tétovázás?;hezitáció;szimultán;hapták;hektikus;1
Hogy mondanád másképp: álszent, képmutató?;agglomeráció;lokalizálás;hipokrita;adhézió;3
Hogy mondanád másképp: alárendelés?;hipotaxis;abnormitás;joystick;vicinális;1
Hogy mondanád másképp: emberevo?;kurázsi;abszcissza;homofág;adulterium;3
Hogy mondanád másképp: nedvesség?;faszcináció;humiditás;rotunda;reprodukció;2
Hogy mondanád másképp: sárgaság?;odaliszk;icterus;objektivitás;ankét;2
Hogy mondanád másképp: bálványimádás?;regula;idolátria;review;exhumálás;2
Hogy mondanád másképp: nem törvényes?;illegitim;inkrementum;territoriális;imbisz;1
Hogy mondanád másképp: híres?;illusztris;szekvenciális;grenadírmars;szukcesszor;1
Hogy mondanád másképp: bennerejlés?;ziccer;instinktív;vagabundus;immanencia;4
Hogy mondanád másképp: megvalósítás?;bazíroz;implementáció;obszcenitás;anomália;2
Hogy mondanád másképp: tiszteletet kelto, nagyszabású?;tréma;impozáns;indignáció;verbális;2
Hogy mondanád másképp: terméketlenség?;rezerváció;rekommendál;expanzió;improduktivitás;4
Hogy mondanád másképp: határozatlan?;silabizál;indefinit;flagellum;sitt;2
Hogy mondanád másképp: közöny?;diktátum;polifág;indifferencia;progresszió;3
Hogy mondanád másképp: kiadatlan mu?;ineditum;fátum;rüsztig;esszencia;1
Hogy mondanád másképp: alsóbbrenduség?;memoár;necesszitás;akkumulátor;inferioritás;4
Hogy mondanád másképp: felszereltség?;infrastruktúra;hematoszkópia;ignorancia;szinopszis;1
Hogy mondanád másképp: növekedés?;inkrementum;asszimiláció;ambiguitás;nexus;1
Hogy mondanád másképp: szervesen hozzátartozó?;integráns;ziher;katzenjammer;vagabundus;1
Hogy mondanád másképp: szándék?;geológia;studíroz;intenció;hangerli;3
Hogy mondanád másképp: önmegfigyelés?;spangli;szedál;introspekció;frivol;3
Hogy mondanád másképp: a küso világtól elforduló?;sifonér;explicit;introvertált;richtig;3
Hogy mondanád másképp: joggyakornok?;lakonikus;matrimónium;aerofágia;jurátus;4
Hogy mondanád másképp: tintatartó?;zsén;kavalkád;kalamáris;katamarán;3
Hogy mondanád másképp: sárcipo?;smasszer;frázis;kalocsni;ferocitas;3
Hogy mondanád másképp: fogda?;rezultáns;extraktum;karcer;firhang;3
Hogy mondanád másképp: jótékony?;karitatív;religiozitás;rabiátus;durábilis;1
Hogy mondanád másképp: kettos törzsu hajó?;flexibilitás;katamarán;genealógia;statáriális;2
Hogy mondanád másképp: megnevezés, elnevezés?;ováció;oriens;atrocitás;nomináció;4
Hogy mondanád másképp: északi?;kuriózum;kommentál;nordikus;advantage;3
Hogy mondanád másképp: jelölés?;notáció;statáriális;genuin;stimulus;1
Hogy mondanád másképp: tápláló?;trapp;individualitás;nutritív;japáner;3
Hogy mondanád másképp: tárgyilagosság?;drezina;prerogatíva;deszcendencia;objektivitás;4
Hogy mondanád másképp: kényszerképzet?;obsessio;amator;aktor;opportunizmus;1
Hogy mondanád másképp: hivatal, tisztség?;orogenezis;caritas;autenticitás;offícium;4
Hogy mondanád másképp: nyugat?;kronológia;okcidens;aer;abszolutórium;2
Hogy mondanád másképp: mindenhatóság?;omnipotencia;farmakológia;rurális;felonia;1
Hogy mondanád másképp: elvtelenség, megalkuvás?;szkeleton;heliosis;opportunizmus;ignobilis;3
Hogy mondanád másképp: elnyomás?;sofíroz;speciel;oppresszió;frusztráció;3
Hogy mondanád másképp: helyesírás?;ortográfia;skandalum;stagnál;flash;1
Hogy mondanád másképp: pogányság?;absztrakció;aerofóbia;paganizmus;kurír;3
Hogy mondanád másképp: nemzetközi szerzodés, egyezmény?;paktum;zseneroz;interceptor;kataszter;1
Hogy mondanád másképp: politikai vitairat, gúnyirat?;permanencia;citadella;pamflet;dependencia;3
Hogy mondanád másképp: napernyo?;parazol;exitus;rezultátum;extravagancia;1
Hogy mondanád másképp: eloke?;partedli;nímand;ambivalencia;asszociáció;1
Hogy mondanád másképp: pénz, vagyon?;pecunia;fennek;fragmentum;sanctuarium;1
Hogy mondanád másképp: sajátságos?;pekuliáris;aggiornamento;kontradikció;adhézió;1
Hogy mondanád másképp: öttusa?;pentatlon;ordré;nomináció;aspektus;1
Hogy mondanád másképp: százalék?;kollaboráció;percent;adulterium;abszcissza;2
Hogy mondanád másképp: körülírás?;recesszió;diminúció;proponens;perifrázis;4
Hogy mondanád másképp: a lényeget érinto?;szilvikultúra;gigász;hecsedli;pertinens;4
Hogy mondanád másképp: talapzat?;psalmus;prekoncepció;piedesztál;dependencia;3
Hogy mondanád másképp: elemi képpont?;graciózus;pixel;szekundáns;furiózus;2
Hogy mondanád másképp: képlékenység, formálhatóság?;plaszticitás;ale;moira;misztifikáció;1
Hogy mondanád másképp: szobrászat?;kris;advocatura;kolonizátor;plasztika;4
Hogy mondanád másképp: fényesít, csiszol?;kauzalitás;konklúzió;políroz;adamita;3
Hogy mondanád másképp: fopap?;pontifex;fritoz;frappáns;snájdig;1
Hogy mondanád másképp: lyukacsosság?;porozitás;partíció;piráta;blaszfémia;1
Hogy mondanád másképp: lélegzés?;respiráció;terrakotta;imbecilitás;inkompetencia;1
Hogy mondanád másképp: kockáztat?;reszkíroz;plauzíbilis;didaktika;dedukció;1
Hogy mondanád másképp: szemle?;permutáció;delírium;cenzus;review;4
Hogy mondanád másképp: forradalom?;akinesia;medicina;revolúció;aeternitas;3
Hogy mondanád másképp: helyfoglalás?;rezerváció;ventiláció;independencia;traverz;1
Hogy mondanád másképp: mereven szigorú?;szemantika;szupplementum;rigorózus;granárium;3
Hogy mondanád másképp: körhinta?;fixálás;sipsirica;ringlispíl;sifríroz;3
Hogy mondanád másképp: versengés?;mizerábilis;rivalitás;monstre;alfabetice;2
Hogy mondanád másképp: rovat, hasáb?;rubrika;a dato;kaverna;konspiráció;1
Hogy mondanád másképp: rom, omladék?;verzifikáció;izoláció;ruina;indiszponált;3
Hogy mondanád másképp: mezei, falusi?;sóher;fregoli;fuga;rurális;4
Hogy mondanád másképp: egészség?;hidrocefália;szenzibilitás;szekundáns;sanitas;4
Hogy mondanád másképp: tudomány?;scientia;dedukció;diéta;projekció;1
Hogy mondanád másképp: fehérnemus és ruhásszekrény?;anomália;parciális;sifonér;basztard;3
Hogy mondanád másképp: építési törmelék?;ambassadeur;sitt;oráció;nitt;2
Hogy mondanád másképp: császármorzsa?;eleváció;smarni;ekvátor;refrigerátor;2
Hogy mondanád másképp: bizalmas beszélgetés, csevegés?;trotli;jáger;verzifikáció;smúz;4
Hogy mondanád másképp: torszeru egyenes kard?;ambidextria;aspiráns;spádé;organizáció;3
Hogy mondanád másképp: kém, besúgó?;anatéma;objektivitás;alias;spion;4
Hogy mondanád másképp: rendelkezik, dönt?;grafológia;szedál;spájz;statuál;4
Hogy mondanád másképp: polcos állvány?;fixa idea;rezümé;stelázsi;shopping;3
Hogy mondanád másképp: roham?;sturm;stelázsi;flinta;generózus;1
Hogy mondanád másképp: megbízhatatlan ember, szélhámos?;svihák;akkomodáció;affektál;laikus;1
Hogy mondanád másképp: lendület?;kavalkád;abasia;konkordancia;svung;4
Hogy mondanád másképp: elkülönülés, elszakadás?;szecesszió;nervozitás;alteregó;akromegália;1
Hogy mondanád másképp: zaklatás, bosszantás?;szekatúra;golgota;granulátum;spedíció;1
Hogy mondanád másképp: vasúti karos jelzo?;szemafor;aspiráns;organizáció;atrocitás;1
Hogy mondanád másképp: elkülönített fülke, különszoba?;round;szeparé;fávor;respektál;2
Hogy mondanád másképp: nemi vonzero?;indefinit;venerábilis;trapp;szexepil;4
Hogy mondanád másképp: aláírás, kézjegy?;revizor;reiteráció;szignatúra;exitus;3
Hogy mondanád másképp: együttmuködés?;pluralitás;defenzíva;szinergia;diftéria;3
Hogy mondanád másképp: összefoglalás, hosszabb vázlat?;alezánc;monokromázia;agorafóbia;szinopszis;4
Hogy mondanád másképp: zengés, zengo hangzás?;szonoritás;protagonista;eklipszis;referendum;1
Hogy mondanád másképp: sugalmazás, befolyásolás?;explicit;rekompenzál;szuggesztió;rezervoár;3
Hogy mondanád másképp: emléktárgy?;tiara;urbanizáció;szuvenir;imágó;3
Hogy mondanád másképp: szerencsehozó apró tárgy?;interceptor;zelóta;talizmán;vacilláció;3
Hogy mondanád másképp: göngyöleg (súlya)?;permanencia;pozor;tára;dependencia;3
Hogy mondanád másképp: csapatmunka?;exitus;teamwork;embólia;rezultátum;2
Hogy mondanád másképp: pápai hármas korona?;geometria;tiara;hapták;szimptóma;2
Hogy mondanád másképp: ideges izomrángás?;tic;rurális;fragmentum;felonia;1
Hogy mondanád másképp: zsarnokság?;tirranizmus;melankólia;alpinista;akrofóbia;1
Hogy mondanád másképp: torony?;aspektus;ordré;ambicionál;tower;4
Hogy mondanád másképp: mesterkedés, fondorkodás?;trafika;adult;kollaboráció;abszcissza;1
Hogy mondanád másképp: közúti villamosvasút?;epitáfium;tram;rotunda;replika;2
Hogy mondanád másképp: remegés, félelem?;sacrificium;tréma;smog;fregoli;2
Hogy mondanád másképp: bárgyú, ügyefogyott?;trotli;bikefál;parciális;offenzíva;1
Hogy mondanád másképp: alapos, gondos, rendes?;veterán;kalamáris;tüchtig;abjuráció;3
Hogy mondanád másképp: egyesült?;instinktív;kartográfia;united;usztasa;3
Hogy mondanád másképp: horvát fegyveres fasiszta?;usztasa;obszcenitás;nutritív;anemométer;1
Hogy mondanád másképp: hasznosítás, felhasználás?;invalidus;utilizáció;trancsíroz;indifferencia;2
Hogy mondanád másképp: mosogatótál?;vájdling;nepotizmus;akrofóbia;alteráció;1
Hogy mondanád másképp: párologtatás?;hezitáció;vaporizáció;grandiózus;szeizmológia;2
Hogy mondanád magyarul: szinódus?;légzsák;kiáltvány;titkosírás;egyháti zsinat;4
Hogy mondanád magyarul: sztratifikáció?;szótárírás;rétegzodés;megerosíto;gyémánt;2
Hogy mondanád magyarul: szuperioritás?;fölény, felsobbrenduség;tett;környezet;konyomat;1
Mikor került trónra I. András?;1304;1790;1835;1046;4
Mikor került trónra I. Béla?;1711;1780;1060;1272;3
Mikor került trónra II. Béla?;1041;1038;1131;1385;3
Mikor került trónra Imre?;1196;1526;1116;1131;1
Mikor került trónra IV. Béla?;1235;1038;1382;1000;1
Mikor került trónra Vencel?;1608;1172;1301;1637;3
Mikor került trónra Albert?;1270;1235;1711;1438;4
Mikor került trónra I. Ulászló?;1204;1657;1172;1440;4
Mikor került trónra I. Miksa?;1270;1780;1272;1564;4
Mikor került trónra IV. Ferdinánd?;1074;1444;1063;1647;4
Mikor került trónra III. Károly?;1711;1792;1301;1790;1
Mikor került trónra I. Ferenc József?;1060;1848;1440;1444;2
Meddig uralkodott I. András?;1654;1060;1204;1657;2
Meddig uralkodott Salamon?;1074;1540;1141;1564;1
Meddig uralkodott II. István?;1916;1304;1835;1131;4
Meddig uralkodott III. László?;1382;1205;1835;1916;2
Meddig uralkodott V. István?;1163;1657;1196;1272;4
Meddig uralkodott III. András?;1526;1116;1141;1301;4
Meddig uralkodott V. László?;1060;1439;1074;1457;4
Meddig uralkodott I. Mátyás?;1041;1387;1382;1490;4
Meddig uralkodott II. Lajos?;1301;1780;1526;1792;3
Meddig uralkodott I. József?;1204;1205;1711;1705;3
Meddig uralkodott III. Károly?;1172;1163;1740;1637;3
Meddig uralkodott I. Ferenc József?;1916;1790;1290;1835;1
"Mikor készült el André Calmette ""Guise herceg meggyilkolása"" címü filmje?";1942;1979;1935;1908;4
"Mikor készült el Victorin Jasset ""A csapda"" címü filmje?";1969;1967;1908;1924;3
"Mikor készült el Enrico Guazzoni ""Quo vadis?"" címü filmje?";1984;1913;1945;1982;2
"Mikor készült el Ernst Lubitsch ""Madame Dubarry"" címü filmje?";1990;1988;1919;1957;3
"Mikor készült el Fred Niblo ""Zorro jele"" címü filmje?";1920;1978;1980;1941;1
"Mikor készült el Garry Marshall ""Micsoda no!"" címü filmje?";1982;1990;1942;1981;2
"Mikor készült el Jerry Zucker ""Ghost"" címü filmje?";1952;1950;1990;1987;3
"Mikor készült el Luc Besson ""Nikita"" címü filmje?";1933;1977;1934;1990;4
"Mikor készült el Ron Howard ""Lánglovagok"" címü filmje?";1983;1991;1949;1944;2
"Mikor készült el Curtis Hanson ""A kéz, amely a bölcsot ringatja"" címü filmje?";1991;1960;1992;1962;3
"Mikor készült el Adrian Lyne ""Tisztességtelen ajánlat"" címü filmje?";1920;1970;1973;1993;4
"Mikor készült el Joel Schumacher ""Összeomlás"" címü filmje?";1994;1993;1966;1967;2
"Mikor készült el Quentin Tarantino ""Ponyvaregény"" címü filmje?";1965;1967;1994;1993;3
"Mikor készült el Mark Rydell ""Intersection-Vágyak vonzásában"" címü filmje?";1944;1941;1982;1994;4
"Mikor készült el Andrew Fleming ""Édeshármas"" címü filmje?";1977;1939;1994;1935;3
Melyik ország fovárosa Prága?;Ecuador;Szaúd-Arábia;Nepál;Csehország;4
Melyik ország fovárosa Helsinki?;Szlovákia;Románia;Malawi;Finnország;4
Melyik ország fovárosa Athén?;Horvátország;Görögország;Egyiptom;Gabon;2
Melyik ország fovárosa Vaduz?;Litvánia;Izland;Liechtenstein;Gambia;3
Melyik ország fovárosa Kisinyov?;Irak;Moldova;Costa-Rica;Ciprus;2
Melyik ország fovárosa Monaco?;Monaco;Uganda;Bahrein;Ukrajna;1
Melyik ország fovárosa Moszkva?;Suriname;Oroszország;Thaiföld;Kiribati;2
Melyik ország fovárosa Ljubljana?;Üzbegisztán;Bissau-Guinea;Szlovénia;Pápua Uj-Guinea;3
Melyik ország fovárosa Ankara?;Törökország;Kolumbia;Brazília;Örményország;1
Melyik ország fovárosa Thimbu?;Botswana;Vietnam;Észtország;Bhután;4
Melyik ország fovárosa Ujdelhi?;Ukrajna;India;Szváziföld;Svájc;2
Melyik ország fovárosa Bagdad?;Guinea;Irak;Lengyelország;Etiópia;2
Melyik ország fovárosa Phnom Penh?;Kambodzsa;Zimbabwe;Bhután;Arab Emírségek;1
Melyik ország fovárosa Biskek?;Kirgizisztán;Comore-szigetek;Bissau-Guinea;Ausztria;1
Melyik ország fovárosa Bejrút?;Szomália;Azerbajdzsán;Törökország;Libanon;4
Melyik ország fovárosa Ulanbátor?;Belgium;Mongólia;Szamoa;Algéria;2
Melyik ország fovárosa Szingapúr?;Lettország;Etiópia;Horvátország;Szingapúr;4
Melyik ország fovárosa Bangkok?;Guyana;Malajzia;Thaiföld;Bolívia;3
Melyik ország fovárosa Luanda?;Kongó;Angola;Liechtenstein;Irország;2
Melyik ország fovárosa Moroni?;Tunézia;Azerbajdzsán;Comore-szigetek;Amerikai Egyesült Allamok;3
Melyik ország fovárosa Pretoria?;Litvánia;Líbia;Monaco;Dél-afrikai Köztársaság;4
Melyik ország fovárosa Libreville?;Sao Tomé és Príncipe;Gabon;Szváziföld;Afganisztán;2
Melyik ország fovárosa Nairobi?;Guyana;Szingapúr;Kolumbia;Kenya;4
Melyik ország fovárosa Brazzaville?;Kanada;Maldív-szigetek;Saint Lucia;Kongó;4
Melyik ország fovárosa Rabat?;Kína;Nicaragua;Marokkó;Jemen;3
Melyik ország fovárosa Maputo?;Törökország;Mozambik;Szudán;Ruanda;2
Melyik ország fovárosa Niamey?;Közép-afrikai Köztársaság;Jugoszlávia;Luxemburg;Niger;4
Melyik ország fovárosa Dodoma?;Tanzánia;Irország;Kenya;Horvátország;1
Melyik ország fovárosa Lusaka?;Koreai NDK;Zambia;Kuba;Kazahsztán;2
Melyik ország fovárosa Praia?;Togó;Szlovákia;Szenegál;Zöld-foki Köztársaság;4
Melyik ország fovárosa St.George's?;Honduras;Grenada;Irak;Jordánia;2
Melyik ország fovárosa Kingston?;Guinea;Jugoszlávia;Hollandia;Jamaica;4
Melyik ország fovárosa Managua?;Nicaragua;Panama;Koreai Köztársaság;Jamaica;1
Melyik ország fovárosa Buenos Aires?;Argentína;Benin;Andorra;Pápua Uj-Guinea;1
Melyik ország fovárosa Bogota?;Kolumbia;Moldova;Monaco;Mauritánia;1
Melyik ország fovárosa Lima?;Peru;Csád;Ausztria;Bissau-Guinea;1
Melyik ország fovárosa Suva?;Törökország;Fidzsi-szigetek;Bahrein;Szudán;2
Melyik ország fovárosa Wellington?;Kiribati;Uj-Zéland;Suriname;Szaúd-Arábia;2
Mi a következö ország fövárosa Trinidad és Tobago?;Gaborone;Apia;Port of Spain;Brüsszel;3
Mi a következö ország fövárosa Paraguay?;Luanda;Wellington;Asuncion;Bujumbura;3
Mi a következö ország fövárosa Uruguay?;Montevideo;Guatemala;Jeruzsálem;Tbiliszi;1
Mi a következö ország fövárosa Ausztrália?;Oslo;Niamey;Canberra;Bukarest;3
Mi a következö ország fövárosa: Andorra?;Buenos Aires;Georgetown;Andorra la Vella;Maszkat;3
Mi a következö ország fövárosa: Bosznia és Hercegovina?;Freetown;Szarajevó;Pozsony;Bukarest;2
Mi a következö ország fövárosa: Bulgária?;Szófia;Oslo;Valletta;Maseru;1
Mi a következö ország fövárosa: Irország?;Bécs;Brüsszel;Gaborone;Dublin;4
Mi a következö ország fövárosa: Jugoszlávia?;Belgrád;Port of Spain;Managua;Ulanbátor;1
Mi a következö ország fövárosa: Litvánia?;Varsó;London;Vilniusz;Bangui;3
Mi a következö ország fövárosa: Németország?;Niamey;Bamako;Berlin;Bukarest;3
Mi a következö ország fövárosa: Portugália?;Bogota;Jereván;Lisszabon;Male;3
Mi a következö ország fövárosa: Svájc?;Nuáksut;Moszkva;Kigali;Bern;4
Mi a következö ország fövárosa: Ukrajna?;Biskek;Panamá;Kijev;Ammán;3
Mi a következö ország fövárosa: Banglades?;Bujumbura;Dhaka;Malabó;Szarajevó;2
Mi a következö ország fövárosa: Ciprus?;Nicosia;Doha;Havanna;Jeruzsálem;1
Mi a következö ország fövárosa: Izrael?;Jeruzsálem;Santiago de Chile;San Salvador;Kuvait;1
Mi a következö ország fövárosa: Kazahsztán?;Asztana;Ouagadougou;Brüsszel;Apia;1
Mi a következö ország fövárosa: Kína?;Colombo;Lima;Peking;Bangkok;3
Mi a következö ország fövárosa: Malajzia?;Porto Novo;Kuala Lumpur;Andorra la Vella;Moroni;2
Mi a következö ország fövárosa: Mongólia?;Guatemala;Ujdelhi;Tokió;Ulanbátor;4
Mi a következö ország fövárosa: Örményország?;Jereván;Vaduz;Kisinyov;Nairobi;1
Mi a következö ország fövárosa: Türkmenisztán?;Kinshasa;Luxembourg;Accra;Ashabad;4
Mi a következö ország fövárosa: Vietnam?;Bangkok;Hanoi;Wellington;Algír;2
Mi a következö ország fövárosa: Burkina Faso?;Ouagadougou;Valletta;Yaoundé;Nairobi;1
Mi a következö ország fövárosa: Dél-afrikai Köztársaság?;Asztana;Havanna;Pretoria;Kuvait;3
Mi a következö ország fövárosa: Gabon?;Libreville;Santiago de Chile;Rangun;Vientiane;1
Mi a következö ország fövárosa: Gambia?;Tegucigalpa;Banjul;Ammán;Biskek;2
Mi a következö ország fövárosa: Közép-afrikai Köztársaság?;Bejrút;Buenos Aires;Bangui;Katmandu;3
Mi a következö ország fövárosa: Malawi?;Zágráb;Lilongwe;Libreville;Helsinki;2
Mi a következö ország fövárosa: Marokkó?;Honiara;Maszkat;Rabat;Szingapúr;3
Mi a következö ország fövárosa: Sao Tomé és Príncipe?;Gaborone;Apia;Bécs;Sao Tomé;4
Mi a következö ország fövárosa: Szváziföld?;Lisszabon;Maputo;Mbabane;Bern;3
Mi a következö ország fövárosa: Tunézia?;Tarawa;Luanda;Tunisz;Wellington;3
Mi a következö ország fövárosa: Bahama-szigetek?;Monrovia;Vaduz;Nassau;Nairobi;3
Mi a következö ország fövárosa: Guatemala?;Guatemala;Baku;Dakar;Ljubljana;1
Mi a következö ország fövárosa: Haiti?;Rabat;Tripoli;Madrid;Port-au-Prince;4
Mi a következö ország fövárosa: Mexikó?;Managua;Ammán;Mexikóváros;Biskek;3
Mi a következö ország fövárosa: Bolívia?;Doha;Ottawa;Phnom Penh;La Paz;4
Mi a következö ország fövárosa: Chile?;Dakar;Santiago de Chile;Freetown;Pozsony;2
Mi a következö ország fövárosa: Peru?;Male;Brasilia;Kingstown;Lima;4
Mi a következö ország fövárosa: Pápua Uj-Guinea?;Colombo;Port Moresby;Dusanbe;Lima;2
Mi a következö ország fövárosa: Salamon-szigetek?;Bejrút;Honiara;Managua;Katmandu;2
Mikor alakult a következö együttes: After Crying?;1976;1993;1986;1990;3
Mikor alakult a következö együttes: Azok a fiúk?;1990;1981;1988;1975;3
Mikor alakult a következö együttes: Bergendy?;1990;1959;1994;1982;2
Mikor alakult a következö együttes: Carmen?;1991;1995;1967;1990;4
Mikor alakult a következö együttes: CPG?;1979;1959;1986;1991;1
Mikor alakult a következö együttes: Dolly Roll?;1983;1981;1975;1993;1
Mikor alakult a következö együttes: Exotic?;1974;1986;1992;1967;2
Mikor alakult a következö együttes: Favágók?;1994;1962;1990;1965;1
Mikor alakult a következö együttes: Ferenczi György és a Herfli Davidson Band?;1988;1993;1967;1991;4
Mikor alakult a következö együttes: G-Play?;1978;1988;1975;1997;4
Mikor alakult a következö együttes: HétköznaPI CSAlódások?;1990;1986;1982;1992;1
Mikor alakult a következö együttes: Hobo Blues Band?;1978;1977;1979;1996;1
Mikor alakult a következö együttes: Kerozin?;1976;1967;1998;1980;3
Mikor alakult a következö együttes: KGB?;1979;1992;1962;1986;2
Mikor alakult a következö együttes: Kormorán?;1989;1978;1988;1976;4
Mikor alakult a következö együttes: MAK?;1990;1992;1965;1994;4
Mikor alakult a következö együttes: Moby Dick?;1987;1965;1962;1980;4
Mikor alakult a következö együttes: Neoprimitív?;1991;1976;1959;1986;2
Mikor alakult a következö együttes: Ossian?;1992;1986;1988;1978;2
Mikor alakult a következö együttes: Pál Utcai Fiúk?;1983;1962;1994;1990;1
Mikor alakult a következö együttes: Perfect Name?;1989;1968;1980;1992;1
Mikor alakult a következö együttes: Roy és Adám?;1992;1986;1976;1993;1
Mikor alakult a következö együttes: Sexepil?;1967;1968;1989;1981;3
Mikor alakult a következö együttes: Skorpió?;1989;1965;1973;1982;3
Mikor alakult a következö együttes: Sztiptíz?;1992;1970;1976;1993;1
Mikor alakult a következö együttes: Tankcsapda?;1989;1990;1983;1978;1
Mikor alakult a következö együttes: UFO?;1995;1962;1983;1968;1
Mikor alakult a következö együttes: V-Tech?;1996;1995;1982;1965;1
Melyik együttes az elöadója a következo számnak: Kurva élet?;Alvin és a mókusok;Neoton;Bergendy;Bonanza Banzai;1
Melyik együttes az elöadója a következo számnak: Jézusnak volt-e szakálla?;LGT;Apostol;Manhattan;Alvin és a mókusok;4
Melyik együttes az elöadója a következo számnak: Alomhajó?;Ferenczi György és a Herfli Davidson Ban;Freshfabrik;Sex Action;Carpe Diem;4
Melyik együttes az elöadója a következo számnak: Elhagyom a várost?;Sing Sing;Syrius;HétköznaPI CSAlódások;Edda;4
Melyik együttes az elöadója a következo számnak: 33 nevem volt?;Európa Kiadó;Kormorán;Alvin és a mókusok;Auróra;1
Melyik együttes az elöadója a következo számnak: Goofy with the gun?;Freshfabrik;Ganxsta Zolee és a Kartel;Sexepil;FLM;1
Melyik együttes az elöadója a következo számnak: Jól haladunk?;HétköznaPI CSAlódások;Junkies;Illés;Tátrai Band;1
Melyik együttes az elöadója a következo számnak: Tizen5év?;Hobo Blues Band;Tankcsapda;Hip Hop Boyz;Takáts Tamás Dirty Blues Band;3
Melyik együttes az elöadója a következo számnak: Tetovált nép?;Happy Gang;Solaris;Hélium;Hobo Blues Band;4
Melyik együttes az elöadója a következo számnak: Bábu vagy?;After Crying;Kispál és a Borz;100 Folk Celsius;KFT;4
Melyik együttes az elöadója a következo számnak: Tinglitangli?;Hisztéria;Tankcsapda;Kispál és a Borz;Hobo Blues Band;3
Melyik együttes az elöadója a következo számnak: Érints meg?;Neoton;Bergendy;Moby Dick;LGT;4
Melyik együttes az elöadója a következo számnak: Ködkürt?;Másfél;Sonia és a Sápadtarcúak;Hélium;Solaris;1
Melyik együttes az elöadója a következo számnak: Neohal?;Másfél;Moby Dick;Bergendy;Neoton;1
Melyik együttes az elöadója a következo számnak: Kell, hogy várj?;Inwest;Hobo Blues Band;Neoton;Ülloi Uti Fák;3
Melyik együttes az elöadója a következo számnak: Szerencsejáték?;KFT;Vágtázó Halottkémek;Warpigs;Neoton;4
Melyik együttes az elöadója a következo számnak: Trombitás Frédi?;Hungária;Exotic;Republic;Omega;4
Melyik együttes az elöadója a következo számnak: Csillagok útján?;Hobo Blues Band;Syrius;Omega;Takáts Tamás Dirty Blues Band;3
Melyik együttes az elöadója a következo számnak: Bál?;Bikini;Neoton;Bergendy;Pál Utcai Fiúk;4
Melyik együttes az elöadója a következo számnak: Szerelemharc?;Hobo Blues Band;Sonia és a Sápadtarcúak;Pál Utcai Fiúk;Sztiptíz;3
Melyik együttes az elöadója a következo számnak: Szállj el kismadár?;Sex Action;Ganxsta Zolee és a Kartel;Republic;Happy Gang;3
Melyik együttes az elöadója a következo számnak: Igy mulat egy beates magyar úr?;Auróra;Kozmix;Mex;Syrius;4
Melyik együttes az elöadója a következo számnak: Pocsolyába léptem?;Takáts Tamás Dirty Blues Band;MHV;Bikini;Neoton;1
Melyik együttes az elöadója a következo számnak: Tarzan?;Alvin és a mókusok;Auróra;UFO;Manhattan;3
Melyik együttes az elöadója a következo számnak: Gyerünk édes?;Elso emelet;East;Vidámpark;Perfect Name;3
Melyik együttes az elöadója a következo számnak: Miért kell, hogy elmenj?;Carmen;Dolly Roll;V. I. P.;Old Boys;3
Melyik együttes az elöadója a következo számnak: Orrom krumpli, hajam kóc?;Alvin és a mókusok;After Crying;Kormorán;100 Folk Celsius;4
Melyik együttes vezetöje Kotschor Zsolt?;Roy és Adám;Hungária;Exotic;Amokfutók;4
Melyik együttes vezetöje Vigi?;Bergendy;Moby Dick;Mester és Tanítványai;Auróra;4
Melyik együttes vezetöje Bergendy István?;G-Play;HétköznaPI CSAlódások;Bergendy;Skorpió;3
Melyik együttes vezetöje Soltész Rezso?;Rés;Republic;FLM;Corvina;4
Melyik együttes vezetöje Menyhárt János?;Felkai Blues Brothers;Pokolgép;Publo Hunny;MHV;4
Melyik együttes vezetöje Czutor Zoltán?;R-Go;Hisztéria;Nyers;Hip Hop Boyz;3
Melyik együttes vezetöje Paksi Endre?;Auróra;Ladánybene 27;Manhattan;Ossian;4
Melyik együttes vezetöje Lang Györgyi?;Kimnowak;Kormorán;Pa-dö-do;100 Folk Celsius;3
Melyik együttes vezetöje Geszti Péter?;100 Folk Celsius;Rapülok;Kispál és a Borz;After Crying;2
Melyik együttes vezetöje Hornyák Péter?;Dolly Roll;Omen;Seneca;Ossian;3
Melyik együttes vezetöje Szendrey Zsolt?;Sex Action;Bonanza Banzai;Bikini;Neoton;1
Melyik együttes vezetöje Baronits Zsolt?;100 Folk Celsius;Akela;Syrius;Kormorán;3
Melyik együttes vezetöje Bittner Gábor?;Sprint;HétköznaPI CSAlódások;Sztiptíz;Hobo Blues Band;3
Melyik együttes vezetöje Takáts Tamás?;Fonográf;Rolls;Generál;Takáts Tamás Dirty Blues Band;4
Melyik együttes vezetöje Rakonczai Viktor?;Emberek;V. I. P.;Publo Hunny;Perfect Name;2
"Melyik együttes vezetöje Kecskés ""Kefir"" Tibor?";V-Tech;Bergendy;Auróra;Manhattan;1
Melyik együttes vezetöje Dorogi Károly?;YOU and I;R-Go;Tankcsapda;Hisztéria;1
Mikor jelent meg: Alfa Romeo 75?;1976;1996;1951;1985;4
Mikor jelent meg: Fiat Uno?;1982;1979;1991;2000;1
Mikor jelent meg: Fiat Doblo?;1981;2000;1991;1959;2
Mikor jelent meg: Fiat Stilo?;1998;2001;1986;1968;2
Mikor jelent meg: Ford Mondeo?;1993;1994;1984;2000;1
Mikor jelent meg: Ford Mondeo III.?;2000;1983;1986;1989;1
Mikor jelent meg: Honda NSX?;1962;1990;1993;2000;2
Mikor jelent meg: Subaru XT?;1985;1959;1981;1995;1
Mikor jelent meg: Suzuki Ignis?;1993;2000;1974;1983;2
Mikor jelent meg: Toyota RAV 4?;1989;2000;1996;1994;4
Mikor jelent meg: Volkswagen Sharan?;1956;2000;1995;1982;3
Mikor jelent meg: Volkswagen Passat III.(gömbölyu)?;1993;1988;1990;2001;2
Mikor jelent meg: Volkswagen Golf III.?;1961;1963;1991;2000;3
Mikor jelent meg: Volvo S 40?;1994;1997;1954;1996;4
Mikor jelent meg: Volvo 760?;1997;1967;2000;1982;4
Mikor született Bartók Béla?;1756;1881;1567;1813;2
Mikor született Csajkovszkij, Pjotr Iljics?;1838;1840;1858;1659;2
Mikor született Donizetti, Gaetano?;1819;1881;1770;1797;4
Mikor született Offenbach, Jacques?;1819;1792;1797;1858;1
Mikor született Purcell, Henry?;1813;1659;1786;1756;2
Mikor született Rossini, Gioacchino?;1813;1756;1567;1792;4
Mikor halt meg Bizet, George?;1643;1875;1901;1791;2
Mikor halt meg Erkel Ferenc?;1848;1893;1924;1868;2
Mikor halt meg Gounod, Charles Francois?;1881;1883;1893;1791;3
Mikor halt meg Puccini, Giacomo?;1945;1924;1791;1901;2
Mikor halt meg Strauss, Johann?;1893;1899;1835;1924;2
Mikor halt meg Strauss, Richard?;1827;1880;1945;1949;4
"Ki komonálta a ""Anyegin"" c. operát?";Verdi, Giuseppe;Csajkovszkij, Pjotr Iljics;Monteverdi, Claudio;Mozart, Wolfgang Amadeus;2
"Ki komonálta a ""Háry János"" c. operát?";Monteverdi, Claudio;Kodály Zoltán;Mozart, Wolfgang Amadeus;Verdi, Giuseppe;2
"Ki komonálta a ""Bajazzók"" c. operát?";Gounod, Charles Francois;Kodály Zoltán;Leoncavallo, Ruggiero;Verdi, Giuseppe;3
"Ki komonálta a ""Borisz Godunov"" c. operát?";Donizetti, Gaetano;Puccini, Giacomo;Muszorgszkij, Mogyeszt Petrovics;Rossini, Gioacchino;3
"Ki komonálta a ""Tosca"" c. operát?";Verdi, Giuseppe;Mozart, Wolfgang Amadeus;Monteverdi, Claudio;Puccini, Giacomo;4
"Ki komonálta a ""Dido és Aeneas"" c. operát?";Strauss, Richard;Gerschwin, George;Purcell, Henry;Verdi, Giuseppe;3
"Ki komonálta a ""Rigoletto"" c. operát?";Verdi, Giuseppe;Donizetti, Gaetano;Purcell, Henry;Rossini, Gioacchino;1
"Ki komonálta a ""Otello"" c. operát?";Mozart, Wolfgang Amadeus;Verdi, Giuseppe;Monteverdi, Claudio;Leoncavallo, Ruggiero;2
"Ki komonálta a ""Traviata"" c. operát?";Rossini, Gioacchino;Verdi, Giuseppe;Erkel Ferenc;Strauss, Johann;2
"Mikor mutatták be Bizet, George ""Carmen"" c. operáját?";Bizet, George;Rossini, Gioacchino;Csajkovszkij, Pjotr Iljics;Donizetti, Gaetano;1
"Mikor mutatták be Donizetti, Gaetano ""Szerelmi bájital"" c. operáját?";Mozart, Wolfgang Amadeus;Verdi, Giuseppe;Monteverdi, Claudio;Donizetti, Gaetano;4
"Mikor mutatták be Gerschwin, George ""Porgy és Bess"" c. operáját?";Erkel Ferenc;Gerschwin, George;Saint-Saens, Charles-Camille;Donizetti, Gaetano;2
"Mikor mutatták be Mozart, Wolfgang Amadeus ""Don Giovanni"" c. operáját?";Csajkovszkij, Pjotr Iljics;Purcell, Henry;Mozart, Wolfgang Amadeus;Bizet, George;3
"Mikor mutatták be Offenbach, Jacques ""Hoffmann meséi"" c. operáját?";Strauss, Richard;Strauss, Johann;Offenbach, Jacques;Erkel Ferenc;3
"Mikor mutatták be Puccini, Giacomo ""Pillangókisasszony"" c. operáját?";Puccini, Giacomo;Muszorgszkij, Mogyeszt Petrovics;Weber, Carl Maria von;Wagner, Richard;1
"Mikor mutatták be Saint-Saens, Charles-Camille ""Sámson és Delila"" c. operáját?";Saint-Saens, Charles-Camille;Donizetti, Gaetano;Csajkovszkij, Pjotr Iljics;Purcell, Henry;1
"Mikor mutatták be Verdi, Giuseppe ""Don Carlos"" c. operáját?";Verdi, Giuseppe;Donizetti, Gaetano;Purcell, Henry;Rossini, Gioacchino;1
"Mikor mutatták be Verdi, Giuseppe ""Nabucco"" c. operáját?";Verdi, Giuseppe;Wagner, Richard;Mozart, Wolfgang Amadeus;Muszorgszkij, Mogyeszt Petrovics;1
"Melyik operában szerepel ""a régi asszonyok""?";A bolygó hollandi;Aida;A készakállú herceg vára;Cosi fan tutte;3
"Melyik operában szerepel ""Don Pizzaro""?";Bajazzók;Fidelio;Don Carlos;Faust;2
"Melyik operában szerepel ""Rocco""?";Anyegin;Fidelio;Carmen;Dido és Aeneas;2
"Melyik operában szerepel ""Jago""?";Cosi fan tutte;Aida;Otello;Don Giovanni;3
"Melyik operában szerepel ""Roderigo""?";Rigoletto;Otello;Háry János;Alarcosbál;2
"Melyik operában szerepel ""Nabucco""?";A nürnbergi mesterdalnokok;A buvös vadász;Nabucco;Hoffmann meséi;3
"Melyik operában szerepel ""Grenvil""?";A nürnbergi mesterdalnokok;A készakállú herceg vára;Traviata;Hoffmann meséi;3
"Melyik operában szerepel ""Daland""?";Lammermoori Lucia;A bolygó hollandi;Hunyadi László;Hamupipoke;2
"Melyik operában szerepel ""Senta""?";A bolygó hollandi;Anyegin;Carmen;Tosca;1
"Melyik operában szerepel ""Walther von Stolzing""?";A varázsfuvola;A nürnbergi mesterdalnokok;Borisz Godunov;Trisztán és Izolda;2
"Melyik operában szerepel ""Kuno""?";A rózsalovag;Porgy és Bess;Faust;A buvös vadász;4
"Melyik operában szerepel ""Samiel""?";Tosca;A buvös vadász;Fidelio;Norma;2
Ki festette a Szieszta c. képet?;Leonardo da Vinci;Vincent Van Gogh;Auguste Renoir;Jan Vermeer van Delft;2
Ki festette a Saint-Lazare pályaudvar c. képet?;Pablo Picasso;Henri Matisse;Camille Pisarro;Claude Monet;4
Ki festette a A roueni katedrális c. képet?;Édouard Manet;Paul Cézanne;Claude Monet;Amedeo Modigliani;3
Ki festette a Arearea c. képet?;Paul Gauguin;Auguste Renoir;Leonardo da Vinci;Masaccio;1
Ki festette a A bohóc c. képet?;El Greco;Fransisco de Goya;John Constable;Auguste Renoir;4
Ki festette a A páholy c. képet?;Auguste Renoir;Salvador Dalí;Edgar Degas;Henri de Toulouse Lautrec;1
Ki festette a Miksa császár kivégzése c. képet?;Edgar Degas;Giorgione;Édouard Manet;Andy Warhol;3
Ki festette a Balettpróba c. képet?;Peter Paul Rubens;J.A.D.Ingres;El Greco;Edgar Degas;4
Ki festette a Öltözködo táncosno c. képet?;Édouard Manet;Edgar Degas;Francis Bacon;Salvador Dalí;2
Ki festette a May Milton c. képet?;Auguste Renoir;Édouard Manet;Giorgione;Henri de Toulouse Lautrec;4
Ki festette a A Montmartre Boulevard, naplemente c. képet?;Camille Pisarro;J.A.D.Ingres;Gustaw Klimt;Rembrandt Harmensz van Rijn;1
Ki festette a Bejárat Honfleur kikötojébe c. képet?;Fransisco de Goya;George Seurat;El Greco;Gustave Courbet;2
Ki festette a A villámtól megriadt ló c. képet?;Jacques-Louis David;George Seurat;Wiiliam Hogarth;Eugéne Delacroix;4
Ki festette a Szénásszekér c. képet?;John Constable;Vincent Van Gogh;Giotto di Bondone;Victor Vasarely;1
Ki festette a Tuz a Parlamentben c. képet?;William Turner;Rembrandt Harmensz van Rijn;El Greco;John Constable;1
Ki festette a Csók c. képet?;Edgar Degas;Paul Cézanne;Salvador Dalí;Gustaw Klimt;4
Ki festette a Éva teremtése c. képet?;Michelangelo Buonarotti;Claude Monet;Paul Gauguin;id. Pieter Brueghel;1
Ki festette a Utolsó ítélet c. képet?;J.A.D.Ingres;Michelangelo Buonarotti;Gustaw Klimt;Victor Vasarely;2
Ki festette a Giovanni Arnolfini arcképe c. képet?;Jan van Eyck;El Greco;William Turner;John Constable;1
Ki festette a Drezdai triptichon c. képet?;Sandro Botticelli;Leonardo da Vinci;Auguste Renoir;Jan van Eyck;4
Ki festette a Nyomorékok c. képet?;Jean-Francois Millet;id. Pieter Brueghel;Diego Velázquez;Fransisco de Goya;2
Ki festette a Tejesasszony c. képet?;Paul Gauguin;Claude Monet;Jan Vermeer van Delft;Jan van Eyck;3
Ki festette a Primavera (Tavasz) c. képet?;Paul Gauguin;id. Pieter Brueghel;Hieronymus Bosch;Sandro Botticelli;4
Ki festette a Michael Wolgemut portréja c. képet?;John Constable;El Greco;Albrecht Dürer;Peter Paul Rubens;3
Ki festette a Fekvo akt szétvetett vállakkal c. képet?;Paul Gauguin;Claude Monet;Amedeo Modigliani;Jan van Eyck;3
Ki festette a Rózsaszín akt c. képet?;Paul Gauguin;Henri Matisse;id. Pieter Brueghel;Jan van Eyck;2
Ki festette a Harlequin c. képet?;Fransisco de Goya;Pablo Picasso;Diego Velázquez;Théodore Géricault;2
Ki festette a Dora Maar portréja c. képet?;Albrecht Dürer;Édouard Manet;Pablo Picasso;Auguste Renoir;3
Ki festette a A felkelok kivégzése 1808.május 3-án c. képet?;Claude Monet;Paul Gauguin;Jan van Eyck;Fransisco de Goya;4
Ki festette a A vízhordó leány c. képet?;Fransisco de Goya;Giotto di Bondone;Michelangelo Buonarotti;Vincent Van Gogh;1
Ki festette a A Szent Család Szt. Erzsébettel c. képet?;Paul Gauguin;id. Pieter Brueghel;Jan Vermeer van Delft;El Greco;4
Ki festette a Férfi tanulmányfej c. képet?;Fransisco de Goya;El Greco;Théodore Géricault;John Constable;2
Ki festette a Doktor Tulp anatómiája c. képet?;Édouard Manet;Albrecht Dürer;Rembrandt Harmensz van Rijn;Edvard Munch;3
Milyen nemzetiség? volt Vincent Van Gogh?;francia;amerikai;spanyol;holland;4
Milyen nemzetiség? volt Édouard Manet?;németalföldi;itáliai;holland;francia;4
Milyen nemzetiség? volt Paul Cézanne?;spanyol;norvég;francia;angol;3
Milyen nemzetiség? volt John Constable?;francia;norvég;angol;spanyol;3
Milyen nemzetiség? volt J.A.D.Ingres?;holland;itáliai;osztrák;francia;4
Milyen nemzetiség? volt Tiziano Vecellio?;itáliai;flamand;görög;angol;1
Milyen nemzetiség? volt Jan Vermeer van Delft?;angol;francia;spanyol;németalföldi;4
Milyen nemzetiség? volt Andy Warhol?;németalföldi;amerikai;osztrák;holland;2
Milyen nemzetiség? volt Edvard Munch?;spanyol;amerikai;norvég;francia;3
Milyen nemzetiség? volt Henri Matisse?;németalföldi;francia;itáliai;osztrák;2
Milyen nemzetiség? volt Peter Paul Rubens?;francia;flamand;németalföldi;itáliai;2
Milyen nemzetiség? volt Rembrandt Harmensz van Rijn?;németalföldi;itáliai;osztrák;holland;1
Mikor született Edgar Degas?;1839;1834;1881;1864;2
Mikor született Jean-Francois Millet?;1541;1814;1775;1776;2
Mikor született Gustave Courbet?;1864;1819;1904;1869;2
Mikor született Michelangelo Buonarotti?;1839;1475;1904;1864;2
Mikor született Hieronymus Bosch?;1599;1798;1453 k.;1791;3
Mikor született Paolo Veronese?;1528;1864;1904;1832;1
Mikor született Andy Warhol?;1445;1928;1832;1477;2
Mikor született Amedeo Modigliani?;1853;1475;1606;1884;4
Mikor született Jacques-Louis David?;1748;1841;1832;1445;1
Mikor született Rembrandt Harmensz van Rijn?;1832;1841;1606;1471;3
Mikor halt meg Paul Gauguin?;1903;1954;1901;1973;1
Mikor halt meg Auguste Renoir?;1883;1917;1989;1919;4
Mikor halt meg Gustave Courbet?;1890;1926;1877;1441;3
Mikor halt meg William Turner?;1901;1954;1851;1973;3
Mikor halt meg J.A.D.Ingres?;1519;1903;1919;1867;4
Mikor halt meg Paolo Veronese?;1588;1564;1918;1890;1
Mikor halt meg Masaccio?;1569;1428;1675;1903;2
Mikor halt meg Albrecht Dürer?;1441;1926;1890;1528;4
Mikor halt meg Wiiliam Hogarth?;1828;1875;1764;1877;3
Mikor halt meg Fransisco de Goya?;1917;1989;1828;1987;3
Mikor halt meg Diego Velázquez?;1919;1675;1660;1510;3
Melyik képet festette Édouard Manet?;Reggeli a szabadban;Öltözködo táncosno;A Moulin Rouge-ba induló La Goulue;Madame Matisse;1
Melyik képet festette Henri de Toulouse Lautrec?;Az osszülok bunbeesése és kiuzetésük a P;Ezek a hölgyek;Éva teremtése;Iriszek;2
Melyik képet festette Jean-Francois Millet?;Aratók pihenése;Csendélet almákkal és narancsokkal;Harlequin;A magasztos pillanat;1
Melyik képet festette Caspar David Friedrich?;Hinta;Vándor a felhok tengerén;Cirkusz;A köszörus;2
Melyik képet festette Tiziano Vecellio?;Tuz a Parlamentben;Találkozás (Jó napot Courbet úr!);IV. Károly családja;V. Károly a mühlbergi csatában;4
Melyik képet festette Jan van Eyck?;A francia színház elotti tér;Fürdozok Asniéres-ben;Giovanni Arnolfini arcképe;Dora Maar portréja;3
Melyik képet festette Sandro Botticelli?;A Montmartre Boulevard, naplemente;Primavera (Tavasz);Horatiusok esküje;Rákárus leány;2
Melyik képet festette Andy Warhol?;Giovanni Arnolfini arcképe;Szieszta;Marilyn Monroe;Vörös turbános férfi arcképe;3
Melyik képet festette Salvador Dalí?;May Milton;Az emlékezet állandósága;Rózsaszín akt;A vörös desszert;2
Melyik képet festette Fransisco de Goya?;Kalásszedok;IV. Károly családja;Fürdozok Asniéres-ben;Mme Récamier portréja;2
Melyik képet festette Victor Vasarely?;Az osszülok bunbeesése és kiuzetésük a P;A napraforgók;A no életének három szakasza;Boo;4
